 INFO  Accepting connections at http://localhost:64405
 HTTP  19.05.2026 23:44:40 ::1 GET /index.html
 HTTP  19.05.2026 23:44:40 ::1 Returned 301 in 9 ms
 HTTP  19.05.2026 23:44:40 ::1 GET /team.html
 HTTP  19.05.2026 23:44:40 ::1 Returned 301 in 0 ms
 HTTP  19.05.2026 23:44:40 ::1 GET /journal.html
 HTTP  19.05.2026 23:44:40 ::1 Returned 301 in 0 ms
 HTTP  19.05.2026 23:44:46 ::1 GET /team.html
 HTTP  19.05.2026 23:44:46 ::1 Returned 301 in 0 ms
 HTTP  19.05.2026 23:44:47 ::1 GET /journal.html
 HTTP  19.05.2026 23:44:47 ::1 Returned 301 in 0 ms
 HTTP  19.05.2026 23:44:48 ::1 GET /about.html
 HTTP  19.05.2026 23:44:48 ::1 Returned 301 in 0 ms
 HTTP  19.05.2026 23:44:55 ::1 GET /team.html
 HTTP  19.05.2026 23:44:55 ::1 Returned 301 in 0 ms
 HTTP  19.05.2026 23:44:55 ::1 GET /team
 HTTP  19.05.2026 23:44:55 ::1 Returned 200 in 3 ms
 HTTP  19.05.2026 23:44:56 ::1 GET /journal.html
 HTTP  19.05.2026 23:44:56 ::1 Returned 301 in 1 ms
 HTTP  19.05.2026 23:44:56 ::1 GET /journal
 HTTP  19.05.2026 23:44:56 ::1 Returned 200 in 1 ms
 HTTP  19.05.2026 23:44:57 ::1 GET /about.html
 HTTP  19.05.2026 23:44:57 ::1 Returned 301 in 1 ms
 HTTP  19.05.2026 23:44:57 ::1 GET /about
 HTTP  19.05.2026 23:44:57 ::1 Returned 200 in 1 ms
 HTTP  19.05.2026 23:47:10 ::1 GET /
 HTTP  19.05.2026 23:47:10 ::1 Returned 200 in 2 ms
 HTTP  19.05.2026 23:47:10 ::1 GET /css/style.css
 HTTP  19.05.2026 23:47:10 ::1 GET /images/ed4m.png
 HTTP  19.05.2026 23:47:10 ::1 GET /images/metro-moscow-2020.jpg
 HTTP  19.05.2026 23:47:10 ::1 Returned 200 in 2 ms
 HTTP  19.05.2026 23:47:10 ::1 Returned 200 in 2 ms
 HTTP  19.05.2026 23:47:10 ::1 Returned 200 in 5 ms
 HTTP  19.05.2026 23:47:10 ::1 GET /images/loco-ep20.jpg
 HTTP  19.05.2026 23:47:10 ::1 Returned 200 in 2 ms
 HTTP  19.05.2026 23:47:10 ::1 GET /images/train-ivolga-3.jpg
 HTTP  19.05.2026 23:47:10 ::1 GET /images/reductor.png
 HTTP  19.05.2026 23:47:10 ::1 GET /js/main.js
 HTTP  19.05.2026 23:47:10 ::1 Returned 200 in 2 ms
 HTTP  19.05.2026 23:47:10 ::1 Returned 200 in 4 ms
 HTTP  19.05.2026 23:47:10 ::1 Returned 200 in 7 ms
 HTTP  19.05.2026 23:47:10 ::1 GET /favicon.ico
 HTTP  19.05.2026 23:47:10 ::1 Returned 404 in 2 ms
 HTTP  19.05.2026 23:47:13 ::1 GET /about.html
 HTTP  19.05.2026 23:47:13 ::1 Returned 301 in 1 ms
 HTTP  19.05.2026 23:47:13 ::1 GET /about
 HTTP  19.05.2026 23:47:13 ::1 Returned 200 in 0 ms
 HTTP  19.05.2026 23:47:13 ::1 GET /css/style.css
 HTTP  19.05.2026 23:47:13 ::1 Returned 304 in 1 ms
 HTTP  19.05.2026 23:47:13 ::1 GET /js/main.js
 HTTP  19.05.2026 23:47:13 ::1 Returned 304 in 1 ms
 HTTP  19.05.2026 23:48:00 ::1 GET /favicon.ico
 HTTP  19.05.2026 23:48:00 ::1 Returned 404 in 1 ms
 HTTP  20.05.2026 00:02:25 ::1 GET /index.html
 HTTP  20.05.2026 00:02:25 ::1 Returned 301 in 0 ms
 HTTP  20.05.2026 00:02:25 ::1 GET /index
 HTTP  20.05.2026 00:02:25 ::1 Returned 301 in 0 ms
 HTTP  20^C5.2026 00:02:25 ::1 GET /
 HTTP  20.05.2026 00:02:25 ::1 Returned 200 in 0 ms
 HTTP  20.05.2026 00:02:26 ::1 GET /about.html
 HTTP  20.05.2026 00:02:26 ::1 Returned 301 in 1 ms
 HTTP  20.05.2026 00:02:26 ::1 GET /about
 HTTP  20.05.2026 00:02:26 ::1 Returned 200 in 0 ms
 HTTP  20.05.2026 00:02:27 ::1 GET /journal.html
 HTTP  20.05.2026 00:02:27 ::1 Returned 301 in 1 ms
 HTTP  20.05.2026 00:02:27 ::1 GET /journal
 HTTP  20.05.2026 00:02:27 ::1 Returned 200 in 1 ms
 HTTP  20.05.2026 00:02:36 ::1 HEAD /images/demo.mp4
 HTTP  20.05.2026 00:02:36 ::1 Returned 200 in 24 ms
 HTTP  20.05.2026 00:02:41 ::1 HEAD /images/scrin-1.png
 HTTP  20.05.2026 00:02:41 ::1 Returned 200 in 2 ms
 HTTP  20.05.2026 00:02:41 ::1 HEAD /images/scrin-2.png
 HTTP  20.05.2026 00:02:41 ::1 Returned 200 in 3 ms
 HTTP  20.05.2026 00:02:41 ::1 HEAD /images/scrin-3.png
 HTTP  20.05.2026 00:02:41 ::1 Returned 200 in 2 ms
 HTTP  20.05.2026 00:02:41 ::1 HEAD /images/scrin-4.png
 HTTP  20.05.2026 00:02:41 ::1 Returned 200 in 3 ms
 HTTP  20.05.2026 00:02:41 ::1 HEAD /images/scrin-5.png
 HTTP  20.05.2026 00:02:41 ::1 Returned 200 in 1 ms
 HTTP  20.05.2026 00:03:14 ::1 GET /
 HTTP  20.05.2026 00:03:14 ::1 Returned 200 in 0 ms
 HTTP  20.05.2026 00:03:14 ::1 GET /css/style.css
 HTTP  20.05.2026 00:03:14 ::1 GET /images/scrin-1.png
 HTTP  20.05.2026 00:03:14 ::1 GET /images/scrin-2.png
 HTTP  20.05.2026 00:03:14 ::1 Returned 304 in 1 ms
 HTTP  20.05.2026 00:03:14 ::1 Returned 200 in 1 ms
 HTTP  20.05.2026 00:03:14 ::1 Returned 200 in 0 ms
 HTTP  20.05.2026 00:03:14 ::1 GET /images/scrin-3.png
 HTTP  20.05.2026 00:03:14 ::1 GET /images/scrin-4.png
 HTTP  20.05.2026 00:03:14 ::1 GET /images/scrin-5.png
 HTTP  20.05.2026 00:03:14 ::1 Returned 200 in 1 ms
 HTTP  20.05.2026 00:03:14 ::1 Returned 200 in 0 ms
 HTTP  20.05.2026 00:03:14 ::1 GET /js/main.js
 HTTP  20.05.2026 00:03:14 ::1 GET /images/reductor.png
 HTTP  20.05.2026 00:03:14 ::1 Returned 200 in 1 ms
 HTTP  20.05.2026 00:03:14 ::1 Returned 304 in 0 ms
 HTTP  20.05.2026 00:03:14 ::1 Returned 200 in 1 ms
 HTTP  20.05.2026 00:03:47 ::1 GET /resources.html
 HTTP  20.05.2026 00:03:47 ::1 Returned 301 in 1 ms
 HTTP  20.05.2026 00:03:47 ::1 GET /resources
 HTTP  20.05.2026 00:03:47 ::1 Returned 200 in 2 ms
 HTTP  20.05.2026 00:03:47 ::1 GET /css/style.css
 HTTP  20.05.2026 00:03:47 ::1 Returned 304 in 0 ms
 HTTP  20.05.2026 00:03:47 ::1 GET /js/main.js
 HTTP  20.05.2026 00:03:47 ::1 Returned 304 in 0 ms
 HTTP  20.05.2026 00:04:28 ::1 GET /journal.html
 HTTP  20.05.2026 00:04:28 ::1 Returned 301 in 0 ms
 HTTP  20.05.2026 00:04:28 ::1 GET /journal
 HTTP  20.05.2026 00:04:28 ::1 Returned 200 in 0 ms
 HTTP  20.05.2026 00:04:28 ::1 GET /css/style.css
 HTTP  20.05.2026 00:04:28 ::1 GET /images/scrin-4.png
 HTTP  20.05.2026 00:04:28 ::1 Returned 304 in 1 ms
 HTTP  20.05.2026 00:04:28 ::1 Returned 304 in 0 ms
 HTTP  20.05.2026 00:04:28 ::1 GET /images/scrin-2.png
 HTTP  20.05.2026 00:04:28 ::1 Returned 304 in 0 ms
 HTTP  20.05.2026 00:04:28 ::1 GET /images/scrin-5.png
 HTTP  20.05.2026 00:04:28 ::1 GET /js/main.js
 HTTP  20.05.2026 00:04:28 ::1 Returned 304 in 2 ms
 HTTP  20.05.2026 00:04:28 ::1 Returned 304 in 1 ms
 HTTP  20.05.2026 00:05:00 ::1 GET /index.html
 HTTP  20.05.2026 00:05:00 ::1 Returned 301 in 0 ms
 HTTP  20.05.2026 00:05:00 ::1 GET /index
 HTTP  20.05.2026 00:05:00 ::1 Returned 301 in 0 ms
 HTTP  20.05.2026 00:05:00 ::1 GET /
 HTTP  20.05.2026 00:05:00 ::1 Returned 304 in 0 ms
 HTTP  20.05.2026 00:05:00 ::1 GET /css/style.css
 HTTP  20.05.2026 00:05:00 ::1 Returned 304 in 1 ms
 HTTP  20.05.2026 00:05:00 ::1 GET /images/scrin-1.png
 HTTP  20.05.2026 00:05:00 ::1 Returned 304 in 0 ms
 HTTP  20.05.2026 00:05:00 ::1 GET /images/scrin-2.png
 HTTP  20.05.2026 00:05:00 ::1 Returned 304 in 0 ms
 HTTP  20.05.2026 00:05:00 ::1 GET /images/scrin-3.png
 HTTP  20.05.2026 00:05:00 ::1 Returned 304 in 1 ms
 HTTP  20.05.2026 00:05:00 ::1 GET /images/scrin-4.png
 HTTP  20.05.2026 00:05:00 ::1 Returned 304 in 0 ms
 HTTP  20.05.2026 00:05:00 ::1 GET /js/main.js
 HTTP  20.05.2026 00:05:00 ::1 Returned 304 in 0 ms
 HTTP  20.05.2026 00:05:00 ::1 GET /images/scrin-5.png
 HTTP  20.05.2026 00:05:00 ::1 GET /images/reductor.png
 HTTP  20.05.2026 00:05:00 ::1 Returned 304 in 1 ms
 HTTP  20.05.2026 00:05:00 ::1 Returned 304 in 0 ms
 HTTP  20.05.2026 00:05:46 ::1 GET /about.html
 HTTP  20.05.2026 00:05:46 ::1 Returned 301 in 0 ms
 HTTP  20.05.2026 00:05:46 ::1 GET /about
 HTTP  20.05.2026 00:05:46 ::1 Returned 200 in 1 ms
 HTTP  20.05.2026 00:05:46 ::1 GET /css/style.css
 HTTP  20.05.2026 00:05:46 ::1 GET /images/scrin-2.png
 HTTP  20.05.2026 00:05:46 ::1 Returned 304 in 0 ms
 HTTP  20.05.2026 00:05:46 ::1 Returned 304 in 1 ms
 HTTP  20.05.2026 00:05:46 ::1 GET /images/scrin-3.png
 HTTP  20.05.2026 00:05:46 ::1 Returned 304 in 1 ms
 HTTP  20.05.2026 00:05:46 ::1 GET /images/scrin-4.png
 HTTP  20.05.2026 00:05:46 ::1 GET /images/scrin-5.png
 HTTP  20.05.2026 00:05:46 ::1 Returned 304 in 1 ms
 HTTP  20.05.2026 00:05:46 ::1 Returned 304 in 0 ms
 HTTP  20.05.2026 00:05:46 ::1 GET /images/scrin-1.png
 HTTP  20.05.2026 00:05:46 ::1 GET /js/main.js
 HTTP  20.05.2026 00:05:46 ::1 Returned 304 in 1 ms
 HTTP  20.05.2026 00:05:46 ::1 Returned 304 in 0 ms
 HTTP  20.05.2026 00:05:46 ::1 GET /images/demo.mp4
 HTTP  20.05.2026 00:05:46 ::1 Returned 206 in 0 ms
 HTTP  20.05.2026 00:05:46 ::1 GET /images/demo.mp4
 HTTP  20.05.2026 00:05:46 ::1 Returned 206 in 0 ms
 HTTP  20.05.2026 00:05:46 ::1 GET /images/demo.mp4
 HTTP  20.05.2026 00:05:46 ::1 Returned 206 in 0 ms
 HTTP  20.05.2026 00:05:52 ::1 GET /images/demo.mp4
 HTTP  20.05.2026 00:05:52 ::1 Returned 206 in 1 ms
 HTTP  20.05.2026 00:05:52 ::1 GET /images/demo.mp4
 HTTP  20.05.2026 00:05:52 ::1 Returned 206 in 0 ms
 HTTP  20.05.2026 00:06:46 ::1 GET /
 HTTP  20.05.2026 00:06:46 ::1 Returned 304 in 1 ms
 HTTP  20.05.2026 00:06:46 ::1 GET /css/style.css
 HTTP  20.05.2026 00:06:46 ::1 Returned 304 in 1 ms
 HTTP  20.05.2026 00:06:46 ::1 GET /images/scrin-1.png
 HTTP  20.05.2026 00:06:46 ::1 Returned 304 in 0 ms
 HTTP  20.05.2026 00:06:46 ::1 GET /images/scrin-2.png
 HTTP  20.05.2026 00:06:46 ::1 Returned 304 in 0 ms
 HTTP  20.05.2026 00:06:46 ::1 GET /images/scrin-3.png
 HTTP  20.05.2026 00:06:46 ::1 Returned 304 in 1 ms
 HTTP  20.05.2026 00:06:46 ::1 GET /images/scrin-4.png
 HTTP  20.05.2026 00:06:46 ::1 GET /js/main.js
 HTTP  20.05.2026 00:06:46 ::1 GET /images/scrin-5.png
 HTTP  20.05.2026 00:06:46 ::1 Returned 304 in 0 ms
 HTTP  20.05.2026 00:06:46 ::1 Returned 304 in 1 ms
 HTTP  20.05.2026 00:06:46 ::1 GET /images/reductor.png
 HTTP  20.05.2026 00:06:46 ::1 Returned 304 in 1 ms
 HTTP  20.05.2026 00:06:46 ::1 Returned 304 in 1 ms
 HTTP  20.05.2026 00:07:01 ::1 GET /about
 HTTP  20.05.2026 00:07:01 ::1 Returned 304 in 1 ms
 HTTP  20.05.2026 00:07:01 ::1 GET /css/style.css
 HTTP  20.05.2026 00:07:01 ::1 Returned 304 in 0 ms
 HTTP  20.05.2026 00:07:01 ::1 GET /images/scrin-2.png
 HTTP  20.05.2026 00:07:01 ::1 Returned 304 in 1 ms
 HTTP  20.05.2026 00:07:01 ::1 GET /images/scrin-3.png
 HTTP  20.05.2026 00:07:01 ::1 Returned 304 in 1 ms
 HTTP  20.05.2026 00:07:01 ::1 GET /images/scrin-4.png
 HTTP  20.05.2026 00:07:01 ::1 GET /images/scrin-5.png
 HTTP  20.05.2026 00:07:01 ::1 GET /images/scrin-1.png
 HTTP  20.05.2026 00:07:01 ::1 Returned 304 in 2 ms
 HTTP  20.05.2026 00:07:01 ::1 Returned 304 in 1 ms
 HTTP  20.05.2026 00:07:01 ::1 GET /js/main.js
 HTTP  20.05.2026 00:07:01 ::1 Returned 304 in 2 ms
 HTTP  20.05.2026 00:07:01 ::1 GET /images/demo.mp4
 HTTP  20.05.2026 00:07:01 ::1 Returned 304 in 2 ms
 HTTP  20.05.2026 00:07:01 ::1 Returned 206 in 1 ms
 HTTP  20.05.2026 00:07:01 ::1 GET /images/demo.mp4
 HTTP  20.05.2026 00:07:01 ::1 Returned 206 in 0 ms
 HTTP  20.05.2026 00:07:48 ::1 GET /team.html
 HTTP  20.05.2026 00:07:48 ::1 Returned 301 in 1 ms
 HTTP  20.05.2026 00:07:48 ::1 GET /team
 HTTP  20.05.2026 00:07:48 ::1 Returned 200 in 0 ms
 HTTP  20.05.2026 00:07:48 ::1 GET /css/style.css
 HTTP  20.05.2026 00:07:48 ::1 Returned 304 in 1 ms
 HTTP  20.05.2026 00:07:48 ::1 GET /js/main.js
 HTTP  20.05.2026 00:07:48 ::1 Returned 304 in 1 ms
 HTTP  20.05.2026 00:07:58 ::1 GET /journal
 HTTP  20.05.2026 00:07:58 ::1 Returned 304 in 1 ms
 HTTP  20.05.2026 00:07:58 ::1 GET /css/style.css
 HTTP  20.05.2026 00:07:58 ::1 GET /images/scrin-4.png
 HTTP  20.05.2026 00:07:58 ::1 Returned 304 in 1 ms
 HTTP  20.05.2026 00:07:58 ::1 Returned 304 in 0 ms
 HTTP  20.05.2026 00:07:58 ::1 GET /images/scrin-2.png
 HTTP  20.05.2026 00:07:58 ::1 Returned 304 in 0 ms
 HTTP  20.05.2026 00:07:58 ::1 GET /images/scrin-5.png
 HTTP  20.05.2026 00:07:58 ::1 Returned 304 in 1 ms
 HTTP  20.05.2026 00:07:58 ::1 GET /js/main.js
 HTTP  20.05.2026 00:07:58 ::1 Returned 304 in 1 ms
 HTTP  20.05.2026 00:08:11 ::1 GET /journal
 HTTP  20.05.2026 00:08:11 ::1 Returned 304 in 1 ms
 HTTP  20.05.2026 00:08:11 ::1 GET /css/style.css
 HTTP  20.05.2026 00:08:11 ::1 GET /images/scrin-4.png
 HTTP  20.05.2026 00:08:11 ::1 Returned 304 in 1 ms
 HTTP  20.05.2026 00:08:11 ::1 Returned 304 in 1 ms
 HTTP  20.05.2026 00:08:11 ::1 GET /images/scrin-2.png
 HTTP  20.05.2026 00:08:11 ::1 Returned 304 in 1 ms
 HTTP  20.05.2026 00:08:11 ::1 GET /images/scrin-5.png
 HTTP  20.05.2026 00:08:11 ::1 GET /js/main.js
 HTTP  20.05.2026 00:08:11 ::1 Returned 304 in 1 ms
 HTTP  20.05.2026 00:08:11 ::1 Returned 304 in 1 ms
 HTTP  20.05.2026 00:08:13 ::1 GET /resources
 HTTP  20.05.2026 00:08:13 ::1 Returned 304 in 1 ms
 HTTP  20.05.2026 00:08:13 ::1 GET /css/style.css
 HTTP  20.05.2026 00:08:13 ::1 Returned 304 in 0 ms
 HTTP  20.05.2026 00:08:13 ::1 GET /js/main.js
 HTTP  20.05.2026 00:08:13 ::1 Returned 304 in 0 ms
 HTTP  20.05.2026 00:08:53 ::1 GET /about
 HTTP  20.05.2026 00:08:53 ::1 Returned 304 in 1 ms
 HTTP  20.05.2026 00:08:53 ::1 GET /css/style.css
 HTTP  20.05.2026 00:08:53 ::1 Returned 304 in 1 ms
 HTTP  20.05.2026 00:08:53 ::1 GET /images/scrin-2.png
 HTTP  20.05.2026 00:08:53 ::1 Returned 304 in 1 ms
 HTTP  20.05.2026 00:08:53 ::1 GET /images/scrin-3.png
 HTTP  20.05.2026 00:08:53 ::1 Returned 304 in 0 ms
 HTTP  20.05.2026 00:08:53 ::1 GET /images/scrin-4.png
 HTTP  20.05.2026 00:08:53 ::1 GET /images/scrin-5.png
 HTTP  20.05.2026 00:08:53 ::1 Returned 304 in 0 ms
 HTTP  20.05.2026 00:08:53 ::1 GET /images/scrin-1.png
 HTTP  20.05.2026 00:08:53 ::1 Returned 304 in 1 ms
 HTTP  20.05.2026 00:08:53 ::1 Returned 304 in 1 ms
 HTTP  20.05.2026 00:08:53 ::1 GET /js/main.js
 HTTP  20.05.2026 00:08:53 ::1 Returned 304 in 0 ms
 HTTP  20.05.2026 00:08:53 ::1 GET /images/demo.mp4
 HTTP  20.05.2026 00:08:53 ::1 Returned 206 in 1 ms
 HTTP  20.05.2026 00:08:53 ::1 GET /images/demo.mp4
 HTTP  20.05.2026 00:08:53 ::1 Returned 206 in 0 ms
 HTTP  20.05.2026 00:08:53 ::1 GET /images/demo.mp4
 HTTP  20.05.2026 00:08:53 ::1 Returned 206 in 1 ms
 HTTP  20.05.2026 00:08:54 ::1 GET /
 HTTP  20.05.2026 00:08:54 ::1 Returned 304 in 1 ms
 HTTP  20.05.2026 00:08:54 ::1 GET /css/style.css
 HTTP  20.05.2026 00:08:54 ::1 Returned 304 in 0 ms
 HTTP  20.05.2026 00:08:54 ::1 GET /images/scrin-1.png
 HTTP  20.05.2026 00:08:54 ::1 Returned 304 in 1 ms
 HTTP  20.05.2026 00:08:54 ::1 GET /images/scrin-2.png
 HTTP  20.05.2026 00:08:54 ::1 Returned 304 in 0 ms
 HTTP  20.05.2026 00:08:54 ::1 GET /images/scrin-3.png
 HTTP  20.05.2026 00:08:54 ::1 GET /images/scrin-4.png
 HTTP  20.05.2026 00:08:54 ::1 Returned 304 in 0 ms
 HTTP  20.05.2026 00:08:54 ::1 GET /js/main.js
 HTTP  20.05.2026 00:08:54 ::1 Returned 304 in 1 ms
 HTTP  20.05.2026 00:08:54 ::1 GET /images/scrin-5.png
 HTTP  20.05.2026 00:08:54 ::1 Returned 304 in 0 ms
 HTTP  20.05.2026 00:08:54 ::1 Returned 304 in 1 ms
 HTTP  20.05.2026 00:08:54 ::1 GET /images/reductor.png
 HTTP  20.05.2026 00:08:54 ::1 Returned 304 in 1 ms
 HTTP  20.05.2026 00:09:01 ::1 GET /about
 HTTP  20.05.2026 00:09:01 ::1 Returned 304 in 1 ms
 HTTP  20.05.2026 00:09:01 ::1 GET /css/style.css
 HTTP  20.05.2026 00:09:01 ::1 Returned 304 in 0 ms
 HTTP  20.05.2026 00:09:01 ::1 GET /images/scrin-2.png
 HTTP  20.05.2026 00:09:01 ::1 GET /images/scrin-3.png
 HTTP  20.05.2026 00:09:01 ::1 Returned 304 in 0 ms
 HTTP  20.05.2026 00:09:01 ::1 Returned 304 in 1 ms
 HTTP  20.05.2026 00:09:01 ::1 GET /images/scrin-4.png
 HTTP  20.05.2026 00:09:01 ::1 Returned 304 in 1 ms
 HTTP  20.05.2026 00:09:01 ::1 GET /images/scrin-5.png
 HTTP  20.05.2026 00:09:01 ::1 Returned 304 in 1 ms
 HTTP  20.05.2026 00:09:01 ::1 GET /images/scrin-1.png
 HTTP  20.05.2026 00:09:01 ::1 Returned 304 in 0 ms
 HTTP  20.05.2026 00:09:01 ::1 GET /js/main.js
 HTTP  20.05.2026 00:09:01 ::1 Returned 304 in 0 ms
 HTTP  20.05.2026 00:09:01 ::1 GET /images/demo.mp4
 HTTP  20.05.2026 00:09:01 ::1 Returned 206 in 1 ms
 HTTP  20.05.2026 00:09:01 ::1 GET /images/demo.mp4
 HTTP  20.05.2026 00:09:01 ::1 Returned 206 in 0 ms
 HTTP  20.05.2026 00:09:01 ::1 GET /images/demo.mp4
 HTTP  20.05.2026 00:09:01 ::1 Returned 206 in 1 ms
 HTTP  20.05.2026 00:09:04 ::1 GET /team
 HTTP  20.05.2026 00:09:04 ::1 Returned 304 in 1 ms
 HTTP  20.05.2026 00:09:04 ::1 GET /css/style.css
 HTTP  20.05.2026 00:09:04 ::1 Returned 304 in 1 ms
 HTTP  20.05.2026 00:09:04 ::1 GET /js/main.js
 HTTP  20.05.2026 00:09:04 ::1 Returned 304 in 0 ms
 HTTP  20.05.2026 00:09:22 ::1 GET /resources
 HTTP  20.05.2026 00:09:22 ::1 Returned 304 in 1 ms
 HTTP  20.05.2026 00:09:22 ::1 GET /css/style.css
 HTTP  20.05.2026 00:09:22 ::1 GET /js/main.js
 HTTP  20.05.2026 00:09:22 ::1 Returned 304 in 1 ms
 HTTP  20.05.2026 00:09:22 ::1 Returned 304 in 1 ms
 HTTP  20.05.2026 00:28:39 ::1 GET /
 HTTP  20.05.2026 00:28:39 ::1 Returned 304 in 1 ms
 HTTP  20.05.2026 00:28:39 ::1 GET /css/style.css
 HTTP  20.05.2026 00:28:39 ::1 GET /images/scrin-1.png
 HTTP  20.05.2026 00:28:39 ::1 Returned 304 in 1 ms
 HTTP  20.05.2026 00:28:39 ::1 GET /images/scrin-2.png
 HTTP  20.05.2026 00:28:39 ::1 Returned 304 in 0 ms
 HTTP  20.05.2026 00:28:39 ::1 Returned 200 in 2 ms
 HTTP  20.05.2026 00:28:39 ::1 GET /images/scrin-3.png
 HTTP  20.05.2026 00:28:39 ::1 GET /images/scrin-4.png
 HTTP  20.05.2026 00:28:39 ::1 Returned 304 in 1 ms
 HTTP  20.05.2026 00:28:39 ::1 GET /js/main.js
 HTTP  20.05.2026 00:28:39 ::1 Returned 304 in 1 ms
 HTTP  20.05.2026 00:28:39 ::1 Returned 304 in 1 ms
 HTTP  20.05.2026 00:28:39 ::1 GET /images/scrin-5.png
 HTTP  20.05.2026 00:28:39 ::1 GET /images/reductor.png
 HTTP  20.05.2026 00:28:39 ::1 Returned 304 in 0 ms
 HTTP  20.05.2026 00:28:39 ::1 Returned 304 in 1 ms
 HTTP  20.05.2026 00:28:48 ::1 GET /about
 HTTP  20.05.2026 00:28:48 ::1 Returned 304 in 1 ms
 HTTP  20.05.2026 00:28:48 ::1 GET /css/style.css
 HTTP  20.05.2026 00:28:48 ::1 Returned 304 in 1 ms
 HTTP  20.05.2026 00:28:48 ::1 GET /images/scrin-2.png
 HTTP  20.05.2026 00:28:48 ::1 GET /images/scrin-3.png
 HTTP  20.05.2026 00:28:48 ::1 Returned 304 in 1 ms
 HTTP  20.05.2026 00:28:48 ::1 Returned 304 in 2 ms
 HTTP  20.05.2026 00:28:48 ::1 GET /images/scrin-4.png
 HTTP  20.05.2026 00:28:48 ::1 Returned 304 in 2 ms
 HTTP  20.05.2026 00:28:48 ::1 GET /images/scrin-5.png
 HTTP  20.05.2026 00:28:48 ::1 Returned 304 in 0 ms
 HTTP  20.05.2026 00:28:48 ::1 GET /js/main.js
 HTTP  20.05.2026 00:28:48 ::1 GET /images/scrin-1.png
 HTTP  20.05.2026 00:28:48 ::1 Returned 304 in 1 ms
 HTTP  20.05.2026 00:28:48 ::1 GET /images/demo.mp4
 HTTP  20.05.2026 00:28:48 ::1 Returned 304 in 1 ms
 HTTP  20.05.2026 00:28:48 ::1 Returned 206 in 1 ms
 HTTP  20.05.2026 00:28:48 ::1 GET /images/demo.mp4
 HTTP  20.05.2026 00:28:48 ::1 Returned 206 in 1 ms
 HTTP  20.05.2026 00:28:48 ::1 GET /images/demo.mp4
 HTTP  20.05.2026 00:28:48 ::1 Returned 206 in 1 ms
 HTTP  20.05.2026 00:28:48 ::1 GET /images/demo.mp4
 HTTP  20.05.2026 00:28:48 ::1 Returned 206 in 1 ms
 HTTP  20.05.2026 00:29:17 ::1 GET /
 HTTP  20.05.2026 00:29:17 ::1 Returned 200 in 1 ms
 HTTP  20.05.2026 00:29:17 ::1 GET /css/style.css
 HTTP  20.05.2026 00:29:17 ::1 Returned 304 in 0 ms
 HTTP  20.05.2026 00:29:17 ::1 GET /images/scrin-1.png
 HTTP  20.05.2026 00:29:17 ::1 GET /images/scrin-2.png
 HTTP  20.05.2026 00:29:17 ::1 Returned 304 in 0 ms
 HTTP  20.05.2026 00:29:17 ::1 Returned 304 in 1 ms
 HTTP  20.05.2026 00:29:17 ::1 GET /images/scrin-3.png
 HTTP  20.05.2026 00:29:17 ::1 Returned 304 in 2 ms
 HTTP  20.05.2026 00:29:17 ::1 GET /images/scrin-4.png
 HTTP  20.05.2026 00:29:17 ::1 Returned 304 in 1 ms
 HTTP  20.05.2026 00:29:17 ::1 GET /js/main.js
 HTTP  20.05.2026 00:29:17 ::1 GET /images/scrin-5.png
 HTTP  20.05.2026 00:29:17 ::1 GET /images/reductor.png
 HTTP  20.05.2026 00:29:17 ::1 Returned 304 in 1 ms
 HTTP  20.05.2026 00:29:17 ::1 Returned 304 in 1 ms
 HTTP  20.05.2026 00:29:17 ::1 Returned 304 in 1 ms
 HTTP  20.05.2026 00:29:19 ::1 GET /
 HTTP  20.05.2026 00:29:19 ::1 Returned 304 in 0 ms
 HTTP  20.05.2026 00:29:19 ::1 GET /css/style.css
 HTTP  20.05.2026 00:29:19 ::1 GET /images/scrin-1.png
 HTTP  20.05.2026 00:29:19 ::1 Returned 304 in 0 ms
 HTTP  20.05.2026 00:29:19 ::1 Returned 304 in 1 ms
 HTTP  20.05.2026 00:29:19 ::1 GET /images/scrin-2.png
 HTTP  20.05.2026 00:29:19 ::1 Returned 304 in 0 ms
 HTTP  20.05.2026 00:29:19 ::1 GET /images/scrin-3.png
 HTTP  20.05.2026 00:29:19 ::1 GET /images/scrin-4.png
 HTTP  20.05.2026 00:29:19 ::1 Returned 304 in 0 ms
 HTTP  20.05.2026 00:29:19 ::1 GET /js/main.js
 HTTP  20.05.2026 00:29:19 ::1 Returned 304 in 1 ms
 HTTP  20.05.2026 00:29:19 ::1 GET /images/scrin-5.png
 HTTP  20.05.2026 00:29:19 ::1 Returned 304 in 0 ms
 HTTP  20.05.2026 00:29:19 ::1 Returned 304 in 0 ms
 HTTP  20.05.2026 00:29:19 ::1 GET /images/reductor.png
 HTTP  20.05.2026 00:29:19 ::1 Returned 304 in 0 ms
 HTTP  20.05.2026 00:31:41 ::1 GET /
 HTTP  20.05.2026 00:31:41 ::1 Returned 304 in 1 ms
 HTTP  20.05.2026 00:31:41 ::1 GET /css/style.css
 HTTP  20.05.2026 00:31:41 ::1 GET /images/scrin-1.png
 HTTP  20.05.2026 00:31:41 ::1 Returned 304 in 1 ms
 HTTP  20.05.2026 00:31:41 ::1 GET /images/scrin-2.png
 HTTP  20.05.2026 00:31:41 ::1 Returned 304 in 1 ms
 HTTP  20.05.2026 00:31:41 ::1 Returned 304 in 0 ms
 HTTP  20.05.2026 00:31:41 ::1 GET /images/scrin-3.png
 HTTP  20.05.2026 00:31:41 ::1 GET /images/scrin-4.png
 HTTP  20.05.2026 00:31:41 ::1 Returned 304 in 1 ms
 HTTP  20.05.2026 00:31:41 ::1 Returned 304 in 1 ms
 HTTP  20.05.2026 00:31:41 ::1 GET /js/main.js
 HTTP  20.05.2026 00:31:41 ::1 GET /images/scrin-5.png
 HTTP  20.05.2026 00:31:41 ::1 Returned 304 in 1 ms
 HTTP  20.05.2026 00:31:41 ::1 GET /images/reductor.png
 HTTP  20.05.2026 00:31:41 ::1 Returned 304 in 0 ms
 HTTP  20.05.2026 00:31:41 ::1 Returned 304 in 1 ms
 HTTP  20.05.2026 00:31:45 ::1 GET /about
 HTTP  20.05.2026 00:31:45 ::1 Returned 200 in 1 ms
 HTTP  20.05.2026 00:31:45 ::1 GET /css/style.css
 HTTP  20.05.2026 00:31:45 ::1 Returned 304 in 1 ms
 HTTP  20.05.2026 00:31:45 ::1 GET /images/scrin-2.png
 HTTP  20.05.2026 00:31:45 ::1 Returned 304 in 1 ms
 HTTP  20.05.2026 00:31:45 ::1 GET /images/scrin-3.png
 HTTP  20.05.2026 00:31:45 ::1 Returned 304 in 0 ms
 HTTP  20.05.2026 00:31:45 ::1 GET /images/scrin-4.png
 HTTP  20.05.2026 00:31:45 ::1 Returned 304 in 0 ms
 HTTP  20.05.2026 00:31:45 ::1 GET /images/scrin-5.png
 HTTP  20.05.2026 00:31:45 ::1 GET /images/scrin-1.png
 HTTP  20.05.2026 00:31:45 ::1 Returned 304 in 0 ms
 HTTP  20.05.2026 00:31:45 ::1 GET /js/main.js
 HTTP  20.05.2026 00:31:45 ::1 Returned 304 in 1 ms
 HTTP  20.05.2026 00:31:45 ::1 Returned 304 in 1 ms
 HTTP  20.05.2026 00:31:45 ::1 GET /images/demo.mp4
 HTTP  20.05.2026 00:31:45 ::1 Returned 206 in 1 ms
 HTTP  20.05.2026 00:31:45 ::1 GET /images/demo.mp4
 HTTP  20.05.2026 00:31:45 ::1 Returned 206 in 1 ms
 HTTP  20.05.2026 00:31:45 ::1 GET /images/demo.mp4
 HTTP  20.05.2026 00:31:45 ::1 Returned 206 in 0 ms
 HTTP  20.05.2026 00:31:48 ::1 GET /team
 HTTP  20.05.2026 00:31:48 ::1 Returned 200 in 1 ms
 HTTP  20.05.2026 00:31:48 ::1 GET /css/style.css
 HTTP  20.05.2026 00:31:48 ::1 Returned 304 in 0 ms
 HTTP  20.05.2026 00:31:48 ::1 GET /js/main.js
 HTTP  20.05.2026 00:31:48 ::1 Returned 304 in 0 ms
 HTTP  20.05.2026 00:31:52 ::1 GET /about
 HTTP  20.05.2026 00:31:52 ::1 Returned 304 in 1 ms
 HTTP  20.05.2026 00:31:52 ::1 GET /css/style.css
 HTTP  20.05.2026 00:31:52 ::1 Returned 304 in 1 ms
 HTTP  20.05.2026 00:31:52 ::1 GET /images/scrin-2.png
 HTTP  20.05.2026 00:31:52 ::1 GET /images/scrin-3.png
 HTTP  20.05.2026 00:31:52 ::1 Returned 304 in 1 ms
 HTTP  20.05.2026 00:31:52 ::1 Returned 304 in 0 ms
 HTTP  20.05.2026 00:31:52 ::1 GET /images/scrin-4.png
 HTTP  20.05.2026 00:31:52 ::1 GET /images/scrin-5.png
 HTTP  20.05.2026 00:31:52 ::1 Returned 304 in 1 ms
 HTTP  20.05.2026 00:31:52 ::1 Returned 304 in 1 ms
 HTTP  20.05.2026 00:31:52 ::1 GET /images/scrin-1.png
 HTTP  20.05.2026 00:31:52 ::1 GET /js/main.js
 HTTP  20.05.2026 00:31:52 ::1 Returned 304 in 1 ms
 HTTP  20.05.2026 00:31:52 ::1 Returned 304 in 0 ms
 HTTP  20.05.2026 00:31:52 ::1 GET /images/demo.mp4
 HTTP  20.05.2026 00:31:52 ::1 Returned 206 in 0 ms
 HTTP  20.05.2026 00:31:52 ::1 GET /images/demo.mp4
 HTTP  20.05.2026 00:31:52 ::1 Returned 206 in 0 ms
 HTTP  20.05.2026 00:31:55 ::1 GET /journal
 HTTP  20.05.2026 00:31:55 ::1 Returned 200 in 1 ms
 HTTP  20.05.2026 00:31:55 ::1 GET /css/style.css
 HTTP  20.05.2026 00:31:55 ::1 Returned 304 in 0 ms
 HTTP  20.05.2026 00:31:55 ::1 GET /images/scrin-4.png
 HTTP  20.05.2026 00:31:55 ::1 GET /images/scrin-2.png
 HTTP  20.05.2026 00:31:55 ::1 Returned 304 in 1 ms
 HTTP  20.05.2026 00:31:55 ::1 Returned 304 in 0 ms
 HTTP  20.05.2026 00:31:55 ::1 GET /images/scrin-5.png
 HTTP  20.05.2026 00:31:55 ::1 GET /js/main.js
 HTTP  20.05.2026 00:31:55 ::1 Returned 304 in 1 ms
 HTTP  20.05.2026 00:31:55 ::1 Returned 304 in 1 ms
 HTTP  20.05.2026 00:32:05 ::1 GET /resources
 HTTP  20.05.2026 00:32:05 ::1 Returned 304 in 0 ms
 HTTP  20.05.2026 00:32:05 ::1 GET /css/style.css
 HTTP  20.05.2026 00:32:05 ::1 Returned 304 in 0 ms
 HTTP  20.05.2026 00:32:05 ::1 GET /js/main.js
 HTTP  20.05.2026 00:32:05 ::1 Returned 304 in 1 ms
 HTTP  20.05.2026 00:34:08 ::1 GET /resources
 HTTP  20.05.2026 00:34:08 ::1 Returned 200 in 1 ms
 HTTP  20.05.2026 00:34:08 ::1 GET /css/style.css
 HTTP  20.05.2026 00:34:08 ::1 GET /js/main.js
 HTTP  20.05.2026 00:34:08 ::1 Returned 200 in 1 ms
 HTTP  20.05.2026 00:34:08 ::1 Returned 200 in 1 ms
 HTTP  20.05.2026 00:34:08 ::1 GET /favicon.svg
 HTTP  20.05.2026 00:34:08 ::1 Returned 200 in 1 ms
 HTTP  20.05.2026 00:34:10 ::1 GET /
 HTTP  20.05.2026 00:34:10 ::1 Returned 200 in 1 ms
 HTTP  20.05.2026 00:34:10 ::1 GET /css/style.css
 HTTP  20.05.2026 00:34:10 ::1 Returned 304 in 1 ms
 HTTP  20.05.2026 00:34:10 ::1 GET /images/scrin-1.png
 HTTP  20.05.2026 00:34:10 ::1 GET /images/scrin-2.png
 HTTP  20.05.2026 00:34:10 ::1 Returned 304 in 0 ms
 HTTP  20.05.2026 00:34:10 ::1 Returned 304 in 0 ms
 HTTP  20.05.2026 00:34:10 ::1 GET /images/scrin-3.png
 HTTP  20.05.2026 00:34:10 ::1 Returned 304 in 1 ms
 HTTP  20.05.2026 00:34:10 ::1 GET /images/scrin-4.png
 HTTP  20.05.2026 00:34:10 ::1 GET /js/main.js
 HTTP  20.05.2026 00:34:10 ::1 Returned 304 in 1 ms
 HTTP  20.05.2026 00:34:10 ::1 GET /images/scrin-5.png
 HTTP  20.05.2026 00:34:10 ::1 Returned 304 in 2 ms
 HTTP  20.05.2026 00:34:10 ::1 GET /images/reductor.png
 HTTP  20.05.2026 00:34:10 ::1 Returned 304 in 1 ms
 HTTP  20.05.2026 00:34:10 ::1 Returned 304 in 0 ms
 HTTP  20.05.2026 00:34:46 ::1 GET /about
 HTTP  20.05.2026 00:34:46 ::1 Returned 200 in 1 ms
 HTTP  20.05.2026 00:34:46 ::1 GET /css/style.css
 HTTP  20.05.2026 00:34:46 ::1 Returned 304 in 0 ms
 HTTP  20.05.2026 00:34:46 ::1 GET /images/scrin-2.png
 HTTP  20.05.2026 00:34:46 ::1 Returned 304 in 0 ms
 HTTP  20.05.2026 00:34:46 ::1 GET /images/scrin-3.png
 HTTP  20.05.2026 00:34:46 ::1 Returned 304 in 1 ms
 HTTP  20.05.2026 00:34:46 ::1 GET /images/scrin-4.png
 HTTP  20.05.2026 00:34:46 ::1 Returned 304 in 1 ms
 HTTP  20.05.2026 00:34:46 ::1 GET /images/scrin-5.png
 HTTP  20.05.2026 00:34:46 ::1 GET /images/scrin-1.png
 HTTP  20.05.2026 00:34:46 ::1 GET /js/main.js
 HTTP  20.05.2026 00:34:46 ::1 Returned 304 in 2 ms
 HTTP  20.05.2026 00:34:46 ::1 Returned 304 in 1 ms
 HTTP  20.05.2026 00:34:46 ::1 Returned 304 in 1 ms
 HTTP  20.05.2026 00:34:46 ::1 GET /images/demo.mp4
 HTTP  20.05.2026 00:34:46 ::1 Returned 206 in 1 ms
 HTTP  20.05.2026 00:34:46 ::1 GET /images/demo.mp4
 HTTP  20.05.2026 00:34:46 ::1 Returned 206 in 1 ms
 HTTP  20.05.2026 00:39:55 ::1 GET /about
 HTTP  20.05.2026 00:39:55 ::1 Returned 304 in 0 ms
 HTTP  20.05.2026 00:39:55 ::1 GET /css/style.css
 HTTP  20.05.2026 00:39:55 ::1 GET /images/scrin-2.png
 HTTP  20.05.2026 00:39:55 ::1 Returned 304 in 1 ms
 HTTP  20.05.2026 00:39:55 ::1 Returned 304 in 1 ms
 HTTP  20.05.2026 00:39:55 ::1 GET /images/scrin-3.png
 HTTP  20.05.2026 00:39:55 ::1 Returned 304 in 0 ms
 HTTP  20.05.2026 00:39:55 ::1 GET /images/scrin-4.png
 HTTP  20.05.2026 00:39:55 ::1 GET /images/scrin-5.png
 HTTP  20.05.2026 00:39:55 ::1 GET /images/scrin-1.png
 HTTP  20.05.2026 00:39:55 ::1 Returned 304 in 1 ms
 HTTP  20.05.2026 00:39:55 ::1 Returned 304 in 0 ms
 HTTP  20.05.2026 00:39:55 ::1 Returned 304 in 1 ms
 HTTP  20.05.2026 00:39:55 ::1 GET /js/main.js
 HTTP  20.05.2026 00:39:55 ::1 Returned 304 in 1 ms
 HTTP  20.05.2026 00:39:55 ::1 GET /images/demo.mp4
 HTTP  20.05.2026 00:39:55 ::1 Returned 206 in 1 ms
 HTTP  20.05.2026 00:39:55 ::1 GET /images/demo.mp4
 HTTP  20.05.2026 00:39:55 ::1 Returned 206 in 0 ms
 HTTP  20.05.2026 00:39:55 ::1 GET /images/demo.mp4
 HTTP  20.05.2026 00:39:55 ::1 Returned 206 in 0 ms
 HTTP  20.05.2026 00:39:55 ::1 GET /favicon.svg
 HTTP  20.05.2026 00:39:55 ::1 Returned 304 in 0 ms
 HTTP  20.05.2026 00:40:04 ::1 GET /
 HTTP  20.05.2026 00:40:04 ::1 Returned 304 in 1 ms
 HTTP  20.05.2026 00:40:04 ::1 GET /css/style.css
 HTTP  20.05.2026 00:40:04 ::1 GET /images/scrin-1.png
 HTTP  20.05.2026 00:40:04 ::1 Returned 304 in 1 ms
 HTTP  20.05.2026 00:40:04 ::1 Returned 304 in 0 ms
 HTTP  20.05.2026 00:40:04 ::1 GET /images/scrin-2.png
 HTTP  20.05.2026 00:40:04 ::1 Returned 304 in 0 ms
 HTTP  20.05.2026 00:40:04 ::1 GET /images/scrin-3.png
 HTTP  20.05.2026 00:40:04 ::1 GET /images/scrin-4.png
 HTTP  20.05.2026 00:40:04 ::1 Returned 304 in 0 ms
 HTTP  20.05.2026 00:40:04 ::1 GET /js/main.js
 HTTP  20.05.2026 00:40:04 ::1 Returned 304 in 1 ms
 HTTP  20.05.2026 00:40:04 ::1 GET /images/scrin-5.png
 HTTP  20.05.2026 00:40:04 ::1 GET /images/reductor.png
 HTTP  20.05.2026 00:40:04 ::1 Returned 304 in 1 ms
 HTTP  20.05.2026 00:40:04 ::1 Returned 304 in 1 ms
 HTTP  20.05.2026 00:40:04 ::1 Returned 304 in 1 ms
 HTTP  20.05.2026 00:40:06 ::1 GET /about
 HTTP  20.05.2026 00:40:06 ::1 Returned 304 in 0 ms
 HTTP  20.05.2026 00:40:06 ::1 GET /css/style.css
 HTTP  20.05.2026 00:40:06 ::1 GET /images/scrin-2.png
 HTTP  20.05.2026 00:40:06 ::1 Returned 304 in 1 ms
 HTTP  20.05.2026 00:40:06 ::1 Returned 304 in 1 ms
 HTTP  20.05.2026 00:40:06 ::1 GET /images/scrin-3.png
 HTTP  20.05.2026 00:40:06 ::1 Returned 304 in 0 ms
 HTTP  20.05.2026 00:40:06 ::1 GET /images/scrin-4.png
 HTTP  20.05.2026 00:40:06 ::1 GET /images/scrin-5.png
 HTTP  20.05.2026 00:40:06 ::1 Returned 304 in 1 ms
 HTTP  20.05.2026 00:40:06 ::1 Returned 304 in 1 ms
 HTTP  20.05.2026 00:40:06 ::1 GET /images/scrin-1.png
 HTTP  20.05.2026 00:40:06 ::1 GET /js/main.js
 HTTP  20.05.2026 00:40:06 ::1 Returned 304 in 0 ms
 HTTP  20.05.2026 00:40:06 ::1 Returned 304 in 1 ms
 HTTP  20.05.2026 00:40:06 ::1 GET /images/demo.mp4
 HTTP  20.05.2026 00:40:06 ::1 Returned 206 in 0 ms
 HTTP  20.05.2026 00:40:06 ::1 GET /images/demo.mp4
 HTTP  20.05.2026 00:40:06 ::1 Returned 206 in 1 ms
 HTTP  20.05.2026 00:40:10 ::1 GET /
 HTTP  20.05.2026 00:40:10 ::1 Returned 304 in 0 ms
 HTTP  20.05.2026 00:40:10 ::1 GET /css/style.css
 HTTP  20.05.2026 00:40:10 ::1 Returned 304 in 1 ms
 HTTP  20.05.2026 00:40:10 ::1 GET /images/scrin-1.png
 HTTP  20.05.2026 00:40:10 ::1 Returned 304 in 0 ms
 HTTP  20.05.2026 00:40:10 ::1 GET /images/scrin-2.png
 HTTP  20.05.2026 00:40:10 ::1 Returned 304 in 0 ms
 HTTP  20.05.2026 00:40:10 ::1 GET /images/scrin-3.png
 HTTP  20.05.2026 00:40:10 ::1 GET /images/scrin-4.png
 HTTP  20.05.2026 00:40:10 ::1 Returned 304 in 1 ms
 HTTP  20.05.2026 00:40:10 ::1 GET /js/main.js
 HTTP  20.05.2026 00:40:10 ::1 Returned 304 in 1 ms
 HTTP  20.05.2026 00:40:10 ::1 Returned 304 in 0 ms
 HTTP  20.05.2026 00:40:10 ::1 GET /images/scrin-5.png
 HTTP  20.05.2026 00:40:10 ::1 GET /images/reductor.png
 HTTP  20.05.2026 00:40:10 ::1 Returned 304 in 1 ms
 HTTP  20.05.2026 00:40:10 ::1 Returned 304 in 0 ms
 HTTP  20.05.2026 00:40:26 ::1 GET /about
 HTTP  20.05.2026 00:40:26 ::1 Returned 304 in 1 ms
 HTTP  20.05.2026 00:40:26 ::1 GET /css/style.css
 HTTP  20.05.2026 00:40:26 ::1 Returned 304 in 0 ms
 HTTP  20.05.2026 00:40:26 ::1 GET /images/scrin-2.png
 HTTP  20.05.2026 00:40:26 ::1 GET /images/scrin-3.png
 HTTP  20.05.2026 00:40:26 ::1 Returned 304 in 1 ms
 HTTP  20.05.2026 00:40:26 ::1 Returned 304 in 1 ms
 HTTP  20.05.2026 00:40:26 ::1 GET /images/scrin-4.png
 HTTP  20.05.2026 00:40:26 ::1 Returned 304 in 1 ms
 HTTP  20.05.2026 00:40:26 ::1 GET /images/scrin-5.png
 HTTP  20.05.2026 00:40:26 ::1 GET /images/scrin-1.png
 HTTP  20.05.2026 00:40:26 ::1 GET /js/main.js
 HTTP  20.05.2026 00:40:26 ::1 Returned 304 in 1 ms
 HTTP  20.05.2026 00:40:26 ::1 Returned 304 in 1 ms
 HTTP  20.05.2026 00:40:26 ::1 Returned 304 in 1 ms
 HTTP  20.05.2026 00:40:26 ::1 GET /images/demo.mp4
 HTTP  20.05.2026 00:40:26 ::1 Returned 206 in 1 ms
 HTTP  20.05.2026 00:40:26 ::1 GET /images/demo.mp4
 HTTP  20.05.2026 00:40:26 ::1 Returned 206 in 0 ms
 HTTP  20.05.2026 00:40:39 ::1 GET /journal
 HTTP  20.05.2026 00:40:39 ::1 Returned 200 in 1 ms
 HTTP  20.05.2026 00:40:39 ::1 GET /css/style.css
 HTTP  20.05.2026 00:40:39 ::1 Returned 304 in 1 ms
 HTTP  20.05.2026 00:40:39 ::1 GET /images/scrin-4.png
 HTTP  20.05.2026 00:40:39 ::1 Returned 304 in 0 ms
 HTTP  20.05.2026 00:40:39 ::1 GET /images/scrin-2.png
 HTTP  20.05.2026 00:40:39 ::1 Returned 304 in 1 ms
 HTTP  20.05.2026 00:40:39 ::1 GET /images/scrin-5.png
 HTTP  20.05.2026 00:40:39 ::1 GET /js/main.js
 HTTP  20.05.2026 00:40:39 ::1 Returned 304 in 1 ms
 HTTP  20.05.2026 00:40:39 ::1 Returned 304 in 0 ms
 HTTP  20.05.2026 00:40:49 ::1 GET /
 HTTP  20.05.2026 00:40:49 ::1 Returned 304 in 1 ms
 HTTP  20.05.2026 00:40:49 ::1 GET /css/style.css
 HTTP  20.05.2026 00:40:49 ::1 Returned 304 in 1 ms
 HTTP  20.05.2026 00:40:49 ::1 GET /images/scrin-1.png
 HTTP  20.05.2026 00:40:49 ::1 GET /images/scrin-2.png
 HTTP  20.05.2026 00:40:49 ::1 Returned 304 in 1 ms
 HTTP  20.05.2026 00:40:49 ::1 Returned 304 in 0 ms
 HTTP  20.05.2026 00:40:49 ::1 GET /images/scrin-3.png
 HTTP  20.05.2026 00:40:49 ::1 GET /images/scrin-4.png
 HTTP  20.05.2026 00:40:49 ::1 Returned 304 in 1 ms
 HTTP  20.05.2026 00:40:49 ::1 Returned 304 in 1 ms
 HTTP  20.05.2026 00:40:49 ::1 GET /js/main.js
 HTTP  20.05.2026 00:40:49 ::1 Returned 304 in 1 ms
 HTTP  20.05.2026 00:40:49 ::1 GET /images/scrin-5.png
 HTTP  20.05.2026 00:40:49 ::1 GET /images/reductor.png
 HTTP  20.05.2026 00:40:49 ::1 Returned 304 in 0 ms
 HTTP  20.05.2026 00:40:49 ::1 Returned 304 in 0 ms
 HTTP  20.05.2026 00:50:39 ::1 GET /about
 HTTP  20.05.2026 00:50:39 ::1 Returned 304 in 1 ms
 HTTP  20.05.2026 00:50:39 ::1 GET /css/style.css
 HTTP  20.05.2026 00:50:39 ::1 GET /images/scrin-2.png
 HTTP  20.05.2026 00:50:39 ::1 Returned 304 in 1 ms
 HTTP  20.05.2026 00:50:39 ::1 GET /images/scrin-3.png
 HTTP  20.05.2026 00:50:39 ::1 Returned 304 in 1 ms
 HTTP  20.05.2026 00:50:39 ::1 Returned 304 in 1 ms
 HTTP  20.05.2026 00:50:39 ::1 GET /images/scrin-4.png
 HTTP  20.05.2026 00:50:39 ::1 Returned 304 in 1 ms
 HTTP  20.05.2026 00:50:39 ::1 GET /images/scrin-5.png
 HTTP  20.05.2026 00:50:39 ::1 GET /images/scrin-1.png
 HTTP  20.05.2026 00:50:39 ::1 GET /js/main.js
 HTTP  20.05.2026 00:50:39 ::1 Returned 304 in 1 ms
 HTTP  20.05.2026 00:50:39 ::1 Returned 304 in 1 ms
 HTTP  20.05.2026 00:50:39 ::1 Returned 304 in 1 ms
 HTTP  20.05.2026 00:50:39 ::1 GET /images/demo.mp4
 HTTP  20.05.2026 00:50:39 ::1 Returned 206 in 1 ms
 HTTP  20.05.2026 00:50:39 ::1 GET /images/demo.mp4
 HTTP  20.05.2026 00:50:39 ::1 Returned 206 in 1 ms
 HTTP  20.05.2026 00:50:39 ::1 GET /images/demo.mp4
 HTTP  20.05.2026 00:50:39 ::1 Returned 206 in 1 ms
 HTTP  20.05.2026 00:50:39 ::1 GET /
 HTTP  20.05.2026 00:50:39 ::1 Returned 304 in 1 ms
 HTTP  20.05.2026 00:50:39 ::1 GET /css/style.css
 HTTP  20.05.2026 00:50:39 ::1 Returned 304 in 1 ms
 HTTP  20.05.2026 00:50:39 ::1 GET /images/scrin-1.png
 HTTP  20.05.2026 00:50:39 ::1 Returned 304 in 0 ms
 HTTP  20.05.2026 00:50:39 ::1 GET /images/scrin-2.png
 HTTP  20.05.2026 00:50:39 ::1 Returned 304 in 1 ms
 HTTP  20.05.2026 00:50:39 ::1 GET /images/scrin-3.png
 HTTP  20.05.2026 00:50:39 ::1 GET /images/scrin-4.png
 HTTP  20.05.2026 00:50:39 ::1 GET /js/main.js
 HTTP  20.05.2026 00:50:39 ::1 Returned 304 in 1 ms
 HTTP  20.05.2026 00:50:39 ::1 Returned 304 in 1 ms
 HTTP  20.05.2026 00:50:39 ::1 Returned 304 in 1 ms
 HTTP  20.05.2026 00:50:39 ::1 GET /images/scrin-5.png
 HTTP  20.05.2026 00:50:39 ::1 GET /images/reductor.png
 HTTP  20.05.2026 00:50:39 ::1 Returned 304 in 1 ms
 HTTP  20.05.2026 00:50:39 ::1 Returned 304 in 0 ms
 HTTP  20.05.2026 00:52:54 ::1 GET /about
 HTTP  20.05.2026 00:52:54 ::1 Returned 200 in 1 ms
 HTTP  20.05.2026 00:52:54 ::1 GET /css/style.css
 HTTP  20.05.2026 00:52:54 ::1 Returned 304 in 1 ms
 HTTP  20.05.2026 00:52:54 ::1 GET /images/scrin-2.png
 HTTP  20.05.2026 00:52:54 ::1 Returned 304 in 1 ms
 HTTP  20.05.2026 00:52:54 ::1 GET /images/scrin-3.png
 HTTP  20.05.2026 00:52:54 ::1 Returned 304 in 0 ms
 HTTP  20.05.2026 00:52:54 ::1 GET /images/scrin-4.png
 HTTP  20.05.2026 00:52:54 ::1 GET /images/scrin-5.png
 HTTP  20.05.2026 00:52:54 ::1 GET /images/scrin-1.png
 HTTP  20.05.2026 00:52:54 ::1 Returned 304 in 1 ms
 HTTP  20.05.2026 00:52:54 ::1 Returned 304 in 1 ms
 HTTP  20.05.2026 00:52:54 ::1 Returned 304 in 1 ms
 HTTP  20.05.2026 00:52:54 ::1 GET /js/main.js
 HTTP  20.05.2026 00:52:54 ::1 Returned 304 in 1 ms
 HTTP  20.05.2026 00:52:54 ::1 GET /images/demo.mp4
 HTTP  20.05.2026 00:52:54 ::1 Returned 206 in 0 ms
 HTTP  20.05.2026 00:52:54 ::1 GET /images/demo.mp4
 HTTP  20.05.2026 00:52:54 ::1 Returned 206 in 0 ms
 HTTP  20.05.2026 00:52:55 ::1 GET /
 HTTP  20.05.2026 00:52:55 ::1 Returned 200 in 1 ms
 HTTP  20.05.2026 00:52:55 ::1 GET /css/style.css
 HTTP  20.05.2026 00:52:55 ::1 Returned 304 in 1 ms
 HTTP  20.05.2026 00:52:55 ::1 GET /images/scrin-1.png
 HTTP  20.05.2026 00:52:55 ::1 Returned 304 in 1 ms
 HTTP  20.05.2026 00:52:55 ::1 GET /images/scrin-2.png
 HTTP  20.05.2026 00:52:55 ::1 Returned 304 in 1 ms
 HTTP  20.05.2026 00:52:55 ::1 GET /images/scrin-3.png
 HTTP  20.05.2026 00:52:55 ::1 Returned 304 in 0 ms
 HTTP  20.05.2026 00:52:55 ::1 GET /images/scrin-4.png
 HTTP  20.05.2026 00:52:55 ::1 GET /js/main.js
 HTTP  20.05.2026 00:52:55 ::1 Returned 304 in 0 ms
 HTTP  20.05.2026 00:52:55 ::1 Returned 304 in 1 ms
 HTTP  20.05.2026 00:52:55 ::1 GET /images/scrin-5.png
 HTTP  20.05.2026 00:52:55 ::1 GET /images/reductor.png
 HTTP  20.05.2026 00:52:55 ::1 Returned 304 in 0 ms
 HTTP  20.05.2026 00:52:55 ::1 Returned 304 in 1 ms
 HTTP  20.05.2026 00:52:56 ::1 GET /team
 HTTP  20.05.2026 00:52:56 ::1 Returned 200 in 1 ms
 HTTP  20.05.2026 00:52:56 ::1 GET /css/style.css
 HTTP  20.05.2026 00:52:56 ::1 Returned 304 in 0 ms
 HTTP  20.05.2026 00:52:56 ::1 GET /js/main.js
 HTTP  20.05.2026 00:52:56 ::1 Returned 304 in 0 ms
 HTTP  20.05.2026 00:52:56 ::1 GET /journal
 HTTP  20.05.2026 00:52:56 ::1 Returned 200 in 1 ms
 HTTP  20.05.2026 00:52:56 ::1 GET /css/style.css
 HTTP  20.05.2026 00:52:56 ::1 Returned 304 in 1 ms
 HTTP  20.05.2026 00:52:56 ::1 GET /images/scrin-4.png
 HTTP  20.05.2026 00:52:56 ::1 Returned 304 in 0 ms
 HTTP  20.05.2026 00:52:56 ::1 GET /images/scrin-2.png
 HTTP  20.05.2026 00:52:56 ::1 Returned 304 in 1 ms
 HTTP  20.05.2026 00:52:56 ::1 GET /images/scrin-5.png
 HTTP  20.05.2026 00:52:56 ::1 Returned 304 in 1 ms
 HTTP  20.05.2026 00:52:56 ::1 GET /js/main.js
 HTTP  20.05.2026 00:52:56 ::1 Returned 304 in 0 ms
 HTTP  20.05.2026 00:52:57 ::1 GET /resources
 HTTP  20.05.2026 00:52:57 ::1 Returned 200 in 1 ms
 HTTP  20.05.2026 00:52:57 ::1 GET /css/style.css
 HTTP  20.05.2026 00:52:57 ::1 Returned 304 in 0 ms
 HTTP  20.05.2026 00:52:57 ::1 GET /js/main.js
 HTTP  20.05.2026 00:52:57 ::1 Returned 304 in 0 ms
 HTTP  20.05.2026 00:52:58 ::1 GET /about
 HTTP  20.05.2026 00:52:58 ::1 Returned 304 in 1 ms
 HTTP  20.05.2026 00:52:58 ::1 GET /css/style.css
 HTTP  20.05.2026 00:52:58 ::1 Returned 304 in 1 ms
 HTTP  20.05.2026 00:52:58 ::1 GET /images/scrin-2.png
 HTTP  20.05.2026 00:52:58 ::1 Returned 304 in 0 ms
 HTTP  20.05.2026 00:52:58 ::1 GET /images/scrin-3.png
 HTTP  20.05.2026 00:52:58 ::1 Returned 304 in 1 ms
 HTTP  20.05.2026 00:52:58 ::1 GET /images/scrin-4.png
 HTTP  20.05.2026 00:52:58 ::1 GET /images/scrin-5.png
 HTTP  20.05.2026 00:52:58 ::1 GET /images/scrin-1.png
 HTTP  20.05.2026 00:52:58 ::1 GET /js/main.js
 HTTP  20.05.2026 00:52:58 ::1 Returned 304 in 1 ms
 HTTP  20.05.2026 00:52:58 ::1 Returned 304 in 1 ms
 HTTP  20.05.2026 00:52:58 ::1 Returned 304 in 1 ms
 HTTP  20.05.2026 00:52:58 ::1 GET /images/demo.mp4
 HTTP  20.05.2026 00:52:58 ::1 Returned 304 in 1 ms
 HTTP  20.05.2026 00:52:58 ::1 Returned 206 in 0 ms
 HTTP  20.05.2026 00:52:58 ::1 GET /images/demo.mp4
 HTTP  20.05.2026 00:52:58 ::1 Returned 206 in 0 ms
 HTTP  20.05.2026 00:52:59 ::1 GET /
 HTTP  20.05.2026 00:52:59 ::1 Returned 304 in 0 ms
 HTTP  20.05.2026 00:52:59 ::1 GET /css/style.css
 HTTP  20.05.2026 00:52:59 ::1 Returned 304 in 0 ms
 HTTP  20.05.2026 00:52:59 ::1 GET /images/scrin-1.png
 HTTP  20.05.2026 00:52:59 ::1 Returned 304 in 0 ms
 HTTP  20.05.2026 00:52:59 ::1 GET /images/scrin-2.png
 HTTP  20.05.2026 00:52:59 ::1 Returned 304 in 1 ms
 HTTP  20.05.2026 00:52:59 ::1 GET /images/scrin-3.png
 HTTP  20.05.2026 00:52:59 ::1 Returned 304 in 0 ms
 HTTP  20.05.2026 00:52:59 ::1 GET /images/scrin-4.png
 HTTP  20.05.2026 00:52:59 ::1 GET /js/main.js
 HTTP  20.05.2026 00:52:59 ::1 GET /images/scrin-5.png
 HTTP  20.05.2026 00:52:59 ::1 Returned 304 in 1 ms
 HTTP  20.05.2026 00:52:59 ::1 Returned 304 in 1 ms
 HTTP  20.05.2026 00:52:59 ::1 Returned 304 in 0 ms
 HTTP  20.05.2026 00:52:59 ::1 GET /images/reductor.png
 HTTP  20.05.2026 00:52:59 ::1 Returned 304 in 0 ms
 HTTP  20.05.2026 00:53:24 ::1 GET /
 HTTP  20.05.2026 00:53:24 ::1 Returned 200 in 0 ms
 HTTP  20.05.2026 00:53:24 ::1 GET /css/style.css
 HTTP  20.05.2026 00:53:24 ::1 Returned 304 in 1 ms
 HTTP  20.05.2026 00:53:24 ::1 GET /images/scrin-1.png
 HTTP  20.05.2026 00:53:24 ::1 Returned 304 in 0 ms
 HTTP  20.05.2026 00:53:24 ::1 GET /images/scrin-2.png
 HTTP  20.05.2026 00:53:24 ::1 Returned 304 in 1 ms
 HTTP  20.05.2026 00:53:24 ::1 GET /images/scrin-3.png
 HTTP  20.05.2026 00:53:24 ::1 Returned 304 in 1 ms
 HTTP  20.05.2026 00:53:24 ::1 GET /images/scrin-4.png
 HTTP  20.05.2026 00:53:24 ::1 Returned 304 in 1 ms
 HTTP  20.05.2026 00:53:24 ::1 GET /js/main.js
 HTTP  20.05.2026 00:53:24 ::1 GET /images/scrin-5.png
 HTTP  20.05.2026 00:53:24 ::1 GET /images/reductor.png
 HTTP  20.05.2026 00:53:24 ::1 Returned 304 in 1 ms
 HTTP  20.05.2026 00:53:24 ::1 Returned 304 in 0 ms
 HTTP  20.05.2026 00:53:24 ::1 Returned 304 in 1 ms
 HTTP  20.05.2026 00:53:24 ::1 GET /favicon.svg
 HTTP  20.05.2026 00:53:24 ::1 Returned 304 in 1 ms
 HTTP  20.05.2026 00:54:36 ::1 GET /
 HTTP  20.05.2026 00:54:36 ::1 Returned 200 in 1 ms
 HTTP  20.05.2026 00:54:36 ::1 GET /css/style.css
 HTTP  20.05.2026 00:54:36 ::1 GET /images/scrin-1.png
 HTTP  20.05.2026 00:54:36 ::1 Returned 304 in 1 ms
 HTTP  20.05.2026 00:54:36 ::1 GET /images/scrin-2.png
 HTTP  20.05.2026 00:54:36 ::1 Returned 304 in 0 ms
 HTTP  20.05.2026 00:54:36 ::1 Returned 200 in 2 ms
 HTTP  20.05.2026 00:54:36 ::1 GET /images/scrin-3.png
 HTTP  20.05.2026 00:54:36 ::1 GET /images/scrin-4.png
 HTTP  20.05.2026 00:54:36 ::1 GET /js/main.js
 HTTP  20.05.2026 00:54:36 ::1 Returned 304 in 0 ms
 HTTP  20.05.2026 00:54:36 ::1 Returned 304 in 1 ms
 HTTP  20.05.2026 00:54:36 ::1 Returned 304 in 1 ms
 HTTP  20.05.2026 00:54:36 ::1 GET /images/scrin-5.png
 HTTP  20.05.2026 00:54:36 ::1 GET /images/reductor.png
 HTTP  20.05.2026 00:54:36 ::1 Returned 304 in 1 ms
 HTTP  20.05.2026 00:54:36 ::1 Returned 304 in 0 ms
 HTTP  20.05.2026 00:54:36 ::1 GET /favicon.svg
 HTTP  20.05.2026 00:54:36 ::1 Returned 304 in 1 ms
 HTTP  20.05.2026 00:54:42 ::1 GET /team
 HTTP  20.05.2026 00:54:42 ::1 Returned 200 in 1 ms
 HTTP  20.05.2026 00:54:42 ::1 GET /css/style.css
 HTTP  20.05.2026 00:54:42 ::1 GET /js/main.js
 HTTP  20.05.2026 00:54:42 ::1 Returned 304 in 0 ms
 HTTP  20.05.2026 00:54:42 ::1 Returned 304 in 1 ms
 HTTP  20.05.2026 00:57:47 ::1 GET /resources
 HTTP  20.05.2026 00:57:47 ::1 Returned 200 in 1 ms
 HTTP  20.05.2026 00:57:47 ::1 GET /css/style.css
 HTTP  20.05.2026 00:57:47 ::1 Returned 304 in 0 ms
 HTTP  20.05.2026 00:57:47 ::1 GET /js/main.js
 HTTP  20.05.2026 00:57:47 ::1 Returned 304 in 0 ms
 HTTP  20.05.2026 00:57:51 ::1 GET /journal
 HTTP  20.05.2026 00:57:51 ::1 Returned 200 in 1 ms
 HTTP  20.05.2026 00:57:51 ::1 GET /css/style.css
 HTTP  20.05.2026 00:57:51 ::1 Returned 304 in 0 ms
 HTTP  20.05.2026 00:57:51 ::1 GET /images/scrin-4.png
 HTTP  20.05.2026 00:57:51 ::1 Returned 304 in 1 ms
 HTTP  20.05.2026 00:57:51 ::1 GET /images/scrin-2.png
 HTTP  20.05.2026 00:57:51 ::1 Returned 304 in 0 ms
 HTTP  20.05.2026 00:57:51 ::1 GET /images/scrin-5.png
 HTTP  20.05.2026 00:57:51 ::1 Returned 304 in 1 ms
 HTTP  20.05.2026 00:57:51 ::1 GET /js/main.js
 HTTP  20.05.2026 00:57:51 ::1 Returned 304 in 0 ms
 HTTP  20.05.2026 00:57:51 ::1 GET /team
 HTTP  20.05.2026 00:57:51 ::1 Returned 304 in 1 ms
 HTTP  20.05.2026 00:57:51 ::1 GET /css/style.css
 HTTP  20.05.2026 00:57:51 ::1 Returned 304 in 1 ms
 HTTP  20.05.2026 00:57:51 ::1 GET /js/main.js
 HTTP  20.05.2026 00:57:51 ::1 Returned 304 in 0 ms
 HTTP  20.05.2026 00:57:52 ::1 GET /
 HTTP  20.05.2026 00:57:52 ::1 Returned 304 in 0 ms
 HTTP  20.05.2026 00:57:52 ::1 GET /css/style.css
 HTTP  20.05.2026 00:57:52 ::1 Returned 304 in 0 ms
 HTTP  20.05.2026 00:57:52 ::1 GET /images/scrin-1.png
 HTTP  20.05.2026 00:57:52 ::1 GET /images/scrin-2.png
 HTTP  20.05.2026 00:57:52 ::1 Returned 304 in 1 ms
 HTTP  20.05.2026 00:57:52 ::1 Returned 304 in 1 ms
 HTTP  20.05.2026 00:57:52 ::1 GET /images/scrin-3.png
 HTTP  20.05.2026 00:57:52 ::1 GET /images/scrin-4.png
 HTTP  20.05.2026 00:57:52 ::1 GET /js/main.js
 HTTP  20.05.2026 00:57:52 ::1 Returned 304 in 1 ms
 HTTP  20.05.2026 00:57:52 ::1 Returned 304 in 1 ms
 HTTP  20.05.2026 00:57:52 ::1 Returned 304 in 1 ms
 HTTP  20.05.2026 00:57:52 ::1 GET /images/scrin-5.png
 HTTP  20.05.2026 00:57:52 ::1 GET /images/reductor.png
 HTTP  20.05.2026 00:57:52 ::1 Returned 304 in 1 ms
 HTTP  20.05.2026 00:57:52 ::1 Returned 304 in 1 ms
 HTTP  20.05.2026 01:06:32 ::1 GET /
 HTTP  20.05.2026 01:06:32 ::1 Returned 200 in 1 ms
 HTTP  20.05.2026 01:06:32 ::1 GET /css/style.css
 HTTP  20.05.2026 01:06:32 ::1 GET /images/scrin-1.png
 HTTP  20.05.2026 01:06:32 ::1 Returned 304 in 0 ms
 HTTP  20.05.2026 01:06:32 ::1 GET /images/scrin-2.png
 HTTP  20.05.2026 01:06:32 ::1 Returned 304 in 0 ms
 HTTP  20.05.2026 01:06:32 ::1 Returned 200 in 2 ms
 HTTP  20.05.2026 01:06:32 ::1 GET /images/scrin-3.png
 HTTP  20.05.2026 01:06:32 ::1 Returned 304 in 1 ms
 HTTP  20.05.2026 01:06:32 ::1 GET /images/scrin-4.png
 HTTP  20.05.2026 01:06:32 ::1 GET /js/main.js
 HTTP  20.05.2026 01:06:32 ::1 Returned 304 in 1 ms
 HTTP  20.05.2026 01:06:32 ::1 Returned 304 in 1 ms
 HTTP  20.05.2026 01:06:32 ::1 GET /images/scrin-5.png
 HTTP  20.05.2026 01:06:32 ::1 GET /images/reductor.png
 HTTP  20.05.2026 01:06:32 ::1 Returned 304 in 1 ms
 HTTP  20.05.2026 01:06:32 ::1 Returned 304 in 0 ms
 HTTP  20.05.2026 01:06:32 ::1 GET /favicon.svg
 HTTP  20.05.2026 01:06:32 ::1 Returned 304 in 1 ms
 HTTP  20.05.2026 01:06:45 ::1 GET /about
 HTTP  20.05.2026 01:06:45 ::1 Returned 200 in 1 ms
 HTTP  20.05.2026 01:06:45 ::1 GET /css/style.css
 HTTP  20.05.2026 01:06:45 ::1 Returned 304 in 1 ms
 HTTP  20.05.2026 01:06:45 ::1 GET /images/scrin-2.png
 HTTP  20.05.2026 01:06:45 ::1 Returned 304 in 0 ms
 HTTP  20.05.2026 01:06:45 ::1 GET /images/scrin-3.png
 HTTP  20.05.2026 01:06:45 ::1 Returned 304 in 0 ms
 HTTP  20.05.2026 01:06:45 ::1 GET /images/scrin-4.png
 HTTP  20.05.2026 01:06:45 ::1 GET /images/scrin-5.png
 HTTP  20.05.2026 01:06:45 ::1 Returned 304 in 1 ms
 HTTP  20.05.2026 01:06:45 ::1 GET /images/scrin-1.png
 HTTP  20.05.2026 01:06:45 ::1 Returned 304 in 0 ms
 HTTP  20.05.2026 01:06:45 ::1 GET /js/main.js
 HTTP  20.05.2026 01:06:45 ::1 Returned 304 in 1 ms
 HTTP  20.05.2026 01:06:45 ::1 Returned 304 in 0 ms
 HTTP  20.05.2026 01:06:45 ::1 GET /images/demo.mp4
 HTTP  20.05.2026 01:06:45 ::1 Returned 206 in 0 ms
 HTTP  20.05.2026 01:06:45 ::1 GET /images/demo.mp4
 HTTP  20.05.2026 01:06:45 ::1 Returned 206 in 0 ms
 HTTP  20.05.2026 01:06:45 ::1 GET /images/demo.mp4
 HTTP  20.05.2026 01:06:45 ::1 Returned 206 in 0 ms
 HTTP  20.05.2026 01:06:48 ::1 GET /
 HTTP  20.05.2026 01:06:48 ::1 Returned 304 in 1 ms
 HTTP  20.05.2026 01:06:48 ::1 GET /css/style.css
 HTTP  20.05.2026 01:06:48 ::1 Returned 304 in 0 ms
 HTTP  20.05.2026 01:06:48 ::1 GET /images/scrin-1.png
 HTTP  20.05.2026 01:06:48 ::1 Returned 304 in 1 ms
 HTTP  20.05.2026 01:06:48 ::1 GET /images/scrin-2.png
 HTTP  20.05.2026 01:06:48 ::1 Returned 304 in 0 ms
 HTTP  20.05.2026 01:06:48 ::1 GET /images/scrin-3.png
 HTTP  20.05.2026 01:06:48 ::1 GET /images/scrin-4.png
 HTTP  20.05.2026 01:06:48 ::1 Returned 304 in 1 ms
 HTTP  20.05.2026 01:06:48 ::1 Returned 304 in 0 ms
 HTTP  20.05.2026 01:06:48 ::1 GET /js/main.js
 HTTP  20.05.2026 01:06:48 ::1 Returned 304 in 0 ms
 HTTP  20.05.2026 01:06:48 ::1 GET /images/scrin-5.png
 HTTP  20.05.2026 01:06:48 ::1 GET /images/reductor.png
 HTTP  20.05.2026 01:06:48 ::1 Returned 304 in 1 ms
 HTTP  20.05.2026 01:06:48 ::1 Returned 304 in 1 ms
 HTTP  20.05.2026 01:06:53 ::1 GET /team
 HTTP  20.05.2026 01:06:53 ::1 Returned 200 in 1 ms
 HTTP  20.05.2026 01:06:53 ::1 GET /css/style.css
 HTTP  20.05.2026 01:06:53 ::1 Returned 304 in 1 ms
 HTTP  20.05.2026 01:06:53 ::1 GET /js/main.js
 HTTP  20.05.2026 01:06:53 ::1 Returned 304 in 0 ms
 HTTP  20.05.2026 01:07:27 ::1 GET /
 HTTP  20.05.2026 01:07:27 ::1 Returned 304 in 0 ms
 HTTP  20.05.2026 01:07:27 ::1 GET /css/style.css
 HTTP  20.05.2026 01:07:27 ::1 Returned 304 in 1 ms
 HTTP  20.05.2026 01:07:27 ::1 GET /images/scrin-1.png
 HTTP  20.05.2026 01:07:27 ::1 Returned 304 in 1 ms
 HTTP  20.05.2026 01:07:27 ::1 GET /images/scrin-2.png
 HTTP  20.05.2026 01:07:27 ::1 Returned 304 in 0 ms
 HTTP  20.05.2026 01:07:27 ::1 GET /images/scrin-3.png
 HTTP  20.05.2026 01:07:27 ::1 Returned 304 in 2 ms
 HTTP  20.05.2026 01:07:27 ::1 GET /images/scrin-4.png
 HTTP  20.05.2026 01:07:27 ::1 GET /images/scrin-5.png
 HTTP  20.05.2026 01:07:27 ::1 GET /js/main.js
 HTTP  20.05.2026 01:07:27 ::1 GET /images/reductor.png
 HTTP  20.05.2026 01:07:27 ::1 Returned 304 in 2 ms
 HTTP  20.05.2026 01:07:27 ::1 Returned 304 in 1 ms
 HTTP  20.05.2026 01:07:27 ::1 Returned 304 in 1 ms
 HTTP  20.05.2026 01:07:27 ::1 Returned 304 in 1 ms
 HTTP  20.05.2026 01:12:36 ::1 GET /about
 HTTP  20.05.2026 01:12:36 ::1 Returned 304 in 1 ms
 HTTP  20.05.2026 01:12:36 ::1 GET /css/style.css
 HTTP  20.05.2026 01:12:36 ::1 Returned 304 in 1 ms
 HTTP  20.05.2026 01:12:36 ::1 GET /images/scrin-2.png
 HTTP  20.05.2026 01:12:36 ::1 Returned 304 in 0 ms
 HTTP  20.05.2026 01:12:36 ::1 GET /images/scrin-3.png
 HTTP  20.05.2026 01:12:36 ::1 Returned 304 in 1 ms
 HTTP  20.05.2026 01:12:36 ::1 GET /images/scrin-4.png
 HTTP  20.05.2026 01:12:36 ::1 GET /images/scrin-5.png
 HTTP  20.05.2026 01:12:36 ::1 Returned 304 in 1 ms
 HTTP  20.05.2026 01:12:36 ::1 Returned 304 in 0 ms
 HTTP  20.05.2026 01:12:36 ::1 GET /images/scrin-1.png
 HTTP  20.05.2026 01:12:36 ::1 GET /js/main.js
 HTTP  20.05.2026 01:12:36 ::1 Returned 304 in 0 ms
 HTTP  20.05.2026 01:12:36 ::1 Returned 304 in 0 ms
 HTTP  20.05.2026 01:12:36 ::1 GET /images/demo.mp4
 HTTP  20.05.2026 01:12:36 ::1 Returned 206 in 0 ms
 HTTP  20.05.2026 01:12:36 ::1 GET /images/demo.mp4
 HTTP  20.05.2026 01:12:36 ::1 Returned 206 in 0 ms
 HTTP  20.05.2026 01:14:28 ::1 GET /
 HTTP  20.05.2026 01:14:28 ::1 Returned 200 in 1 ms
 HTTP  20.05.2026 01:14:28 ::1 GET /css/style.css
 HTTP  20.05.2026 01:14:28 ::1 GET /images/scrin-6.png
 HTTP  20.05.2026 01:14:28 ::1 Returned 304 in 1 ms
 HTTP  20.05.2026 01:14:28 ::1 GET /images/scrin-1.png
 HTTP  20.05.2026 01:14:28 ::1 Returned 304 in 0 ms
 HTTP  20.05.2026 01:14:28 ::1 Returned 200 in 5 ms
 HTTP  20.05.2026 01:14:28 ::1 GET /images/scrin-2.png
 HTTP  20.05.2026 01:14:28 ::1 GET /images/scrin-8.png
 HTTP  20.05.2026 01:14:28 ::1 Returned 304 in 1 ms
 HTTP  20.05.2026 01:14:28 ::1 GET /images/scrin-10.png
 HTTP  20.05.2026 01:14:28 ::1 GET /images/reductor.png
 HTTP  20.05.2026 01:14:28 ::1 GET /js/main.js
 HTTP  20.05.2026 01:14:28 ::1 GET /images/scrin-7.png
 HTTP  20.05.2026 01:14:28 ::1 Returned 304 in 2 ms
 HTTP  20.05.2026 01:14:28 ::1 Returned 304 in 2 ms
 HTTP  20.05.2026 01:14:28 ::1 Returned 200 in 5 ms
 HTTP  20.05.2026 01:14:28 ::1 Returned 200 in 11 ms
 HTTP  20.05.2026 01:14:28 ::1 Returned 200 in 7 ms
 HTTP  20.05.2026 01:17:32 ::1 GET /
 HTTP  20.05.2026 01:17:32 ::1 Returned 200 in 2 ms
 HTTP  20.05.2026 01:17:33 ::1 GET /css/style.css
 HTTP  20.05.2026 01:17:33 ::1 Returned 304 in 1 ms
 HTTP  20.05.2026 01:17:33 ::1 GET /images/scrin-9.png
 HTTP  20.05.2026 01:17:33 ::1 GET /images/scrin-6.png
 HTTP  20.05.2026 01:17:33 ::1 Returned 304 in 1 ms
 HTTP  20.05.2026 01:17:33 ::1 Returned 200 in 1 ms
 HTTP  20.05.2026 01:17:33 ::1 GET /images/scrin-8.png
 HTTP  20.05.2026 01:17:33 ::1 GET /images/scrin-10.png
 HTTP  20.05.2026 01:17:33 ::1 GET /js/main.js
 HTTP  20.05.2026 01:17:33 ::1 Returned 304 in 1 ms
 HTTP  20.05.2026 01:17:33 ::1 Returned 304 in 1 ms
 HTTP  20.05.2026 01:17:33 ::1 GET /images/scrin-7.png
 HTTP  20.05.2026 01:17:33 ::1 GET /images/reductor.png
 HTTP  20.05.2026 01:17:33 ::1 Returned 304 in 2 ms
 HTTP  20.05.2026 01:17:33 ::1 Returned 304 in 1 ms
 HTTP  20.05.2026 01:17:33 ::1 Returned 304 in 0 ms
 HTTP  20.05.2026 01:17:33 ::1 GET /favicon.svg
 HTTP  20.05.2026 01:17:33 ::1 Returned 304 in 1 ms
 HTTP  20.05.2026 01:17:38 ::1 GET /
 HTTP  20.05.2026 01:17:38 ::1 Returned 304 in 1 ms
 HTTP  20.05.2026 01:17:38 ::1 GET /css/style.css
 HTTP  20.05.2026 01:17:38 ::1 GET /images/scrin-6.png
 HTTP  20.05.2026 01:17:38 ::1 GET /images/scrin-9.png
 HTTP  20.05.2026 01:17:38 ::1 Returned 304 in 0 ms
 HTTP  20.05.2026 01:17:38 ::1 Returned 304 in 1 ms
 HTTP  20.05.2026 01:17:38 ::1 Returned 200 in 2 ms
 HTTP  20.05.2026 01:17:38 ::1 GET /images/scrin-8.png
 HTTP  20.05.2026 01:17:38 ::1 GET /images/scrin-10.png
 HTTP  20.05.2026 01:17:38 ::1 Returned 304 in 1 ms
 HTTP  20.05.2026 01:17:38 ::1 GET /js/main.js
 HTTP  20.05.2026 01:17:38 ::1 GET /images/scrin-7.png
 HTTP  20.05.2026 01:17:38 ::1 Returned 304 in 0 ms
 HTTP  20.05.2026 01:17:38 ::1 Returned 304 in 1 ms
 HTTP  20.05.2026 01:17:38 ::1 GET /images/reductor.png
 HTTP  20.05.2026 01:17:38 ::1 Returned 304 in 1 ms
 HTTP  20.05.2026 01:17:38 ::1 Returned 304 in 1 ms
 HTTP  20.05.2026 01:17:39 ::1 GET /team
 HTTP  20.05.2026 01:17:39 ::1 Returned 200 in 1 ms
 HTTP  20.05.2026 01:17:39 ::1 GET /css/style.css
 HTTP  20.05.2026 01:17:39 ::1 Returned 304 in 1 ms
 HTTP  20.05.2026 01:17:39 ::1 GET /js/main.js
 HTTP  20.05.2026 01:17:39 ::1 Returned 304 in 1 ms
 HTTP  20.05.2026 01:18:01 ::1 GET /about
 HTTP  20.05.2026 01:18:01 ::1 Returned 200 in 1 ms
 HTTP  20.05.2026 01:18:01 ::1 GET /css/style.css
 HTTP  20.05.2026 01:18:01 ::1 GET /images/scrin-9.png
 HTTP  20.05.2026 01:18:01 ::1 Returned 304 in 1 ms
 HTTP  20.05.2026 01:18:01 ::1 GET /images/scrin-8.png
 HTTP  20.05.2026 01:18:01 ::1 Returned 304 in 0 ms
 HTTP  20.05.2026 01:18:01 ::1 Returned 304 in 1 ms
 HTTP  20.05.2026 01:18:01 ::1 GET /images/scrin-10.png
 HTTP  20.05.2026 01:18:01 ::1 Returned 304 in 0 ms
 HTTP  20.05.2026 01:18:01 ::1 GET /images/scrin-7.png
 HTTP  20.05.2026 01:18:01 ::1 GET /images/scrin-6.png
 HTTP  20.05.2026 01:18:01 ::1 Returned 304 in 0 ms
 HTTP  20.05.2026 01:18:01 ::1 Returned 304 in 0 ms
 HTTP  20.05.2026 01:18:01 ::1 GET /js/main.js
 HTTP  20.05.2026 01:18:01 ::1 Returned 304 in 1 ms
 HTTP  20.05.2026 01:18:01 ::1 GET /images/demo.mp4
 HTTP  20.05.2026 01:18:01 ::1 Returned 206 in 59 ms
 HTTP  20.05.2026 01:18:01 ::1 GET /images/demo.mp4
 HTTP  20.05.2026 01:18:01 ::1 Returned 206 in 0 ms
 HTTP  20.05.2026 01:18:01 ::1 GET /images/demo.mp4
 HTTP  20.05.2026 01:18:01 ::1 Returned 206 in 1 ms
 HTTP  20.05.2026 01:18:01 ::1 GET /images/demo.mp4
 HTTP  20.05.2026 01:18:01 ::1 Returned 206 in 0 ms
 HTTP  20.05.2026 01:20:53 ::1 GET /
 HTTP  20.05.2026 01:20:53 ::1 Returned 200 in 0 ms
 HTTP  20.05.2026 01:20:53 ::1 GET /css/style.css
 HTTP  20.05.2026 01:20:53 ::1 GET /images/scrin-6.png
 HTTP  20.05.2026 01:20:53 ::1 Returned 304 in 0 ms
 HTTP  20.05.2026 01:20:53 ::1 Returned 200 in 1 ms
 HTTP  20.05.2026 01:20:53 ::1 GET /images/scrin-9.png
 HTTP  20.05.2026 01:20:53 ::1 Returned 304 in 1 ms
 HTTP  20.05.2026 01:20:53 ::1 GET /images/scrin-8.png
 HTTP  20.05.2026 01:20:53 ::1 GET /images/scrin-10.png
 HTTP  20.05.2026 01:20:53 ::1 Returned 304 in 0 ms
 HTTP  20.05.2026 01:20:53 ::1 Returned 304 in 1 ms
 HTTP  20.05.2026 01:20:53 ::1 GET /js/main.js
 HTTP  20.05.2026 01:20:53 ::1 GET /images/scrin-7.png
 HTTP  20.05.2026 01:20:53 ::1 Returned 304 in 2 ms
 HTTP  20.05.2026 01:20:53 ::1 Returned 304 in 1 ms
 HTTP  20.05.2026 01:20:53 ::1 GET /images/reductor.png
 HTTP  20.05.2026 01:20:53 ::1 Returned 304 in 0 ms
 HTTP  20.05.2026 01:21:41 ::1 GET /about
 HTTP  20.05.2026 01:21:41 ::1 Returned 200 in 1 ms
 HTTP  20.05.2026 01:21:41 ::1 GET /css/style.css
 HTTP  20.05.2026 01:21:41 ::1 GET /images/scrin-9.png
 HTTP  20.05.2026 01:21:41 ::1 Returned 304 in 1 ms
 HTTP  20.05.2026 01:21:41 ::1 Returned 304 in 1 ms
 HTTP  20.05.2026 01:21:41 ::1 GET /images/scrin-8.png
 HTTP  20.05.2026 01:21:41 ::1 Returned 304 in 1 ms
 HTTP  20.05.2026 01:21:41 ::1 GET /images/scrin-10.png
 HTTP  20.05.2026 01:21:41 ::1 Returned 304 in 1 ms
 HTTP  20.05.2026 01:21:41 ::1 GET /images/scrin-7.png
 HTTP  20.05.2026 01:21:41 ::1 GET /images/scrin-6.png
 HTTP  20.05.2026 01:21:41 ::1 Returned 304 in 1 ms
 HTTP  20.05.2026 01:21:41 ::1 GET /js/main.js
 HTTP  20.05.2026 01:21:41 ::1 Returned 304 in 1 ms
 HTTP  20.05.2026 01:21:41 ::1 Returned 304 in 0 ms
 HTTP  20.05.2026 01:21:41 ::1 GET /images/demo.mp4
 HTTP  20.05.2026 01:21:41 ::1 Returned 206 in 0 ms
 HTTP  20.05.2026 01:21:41 ::1 GET /images/demo.mp4
 HTTP  20.05.2026 01:21:41 ::1 Returned 206 in 1 ms
 HTTP  20.05.2026 01:21:42 ::1 GET /team
 HTTP  20.05.2026 01:21:42 ::1 Returned 200 in 2 ms
 HTTP  20.05.2026 01:21:42 ::1 GET /css/style.css
 HTTP  20.05.2026 01:21:42 ::1 Returned 304 in 0 ms
 HTTP  20.05.2026 01:21:42 ::1 GET /js/main.js
 HTTP  20.05.2026 01:21:42 ::1 Returned 304 in 1 ms
 HTTP  20.05.2026 01:21:42 ::1 GET /journal
 HTTP  20.05.2026 01:21:42 ::1 Returned 200 in 1 ms
 HTTP  20.05.2026 01:21:42 ::1 GET /css/style.css
 HTTP  20.05.2026 01:21:42 ::1 Returned 304 in 1 ms
 HTTP  20.05.2026 01:21:42 ::1 GET /images/scrin-10.png
 HTTP  20.05.2026 01:21:42 ::1 GET /images/scrin-9.png
 HTTP  20.05.2026 01:21:42 ::1 Returned 304 in 0 ms
 HTTP  20.05.2026 01:21:42 ::1 Returned 304 in 0 ms
 HTTP  20.05.2026 01:21:42 ::1 GET /images/scrin-7.png
 HTTP  20.05.2026 01:21:42 ::1 GET /js/main.js
 HTTP  20.05.2026 01:21:42 ::1 Returned 304 in 0 ms
 HTTP  20.05.2026 01:21:42 ::1 Returned 304 in 2 ms
 HTTP  20.05.2026 01:21:43 ::1 GET /resources
 HTTP  20.05.2026 01:21:43 ::1 Returned 200 in 2 ms
 HTTP  20.05.2026 01:21:43 ::1 GET /css/style.css
 HTTP  20.05.2026 01:21:43 ::1 Returned 304 in 1 ms
 HTTP  20.05.2026 01:21:43 ::1 GET /js/main.js
 HTTP  20.05.2026 01:21:43 ::1 Returned 304 in 0 ms
 HTTP  20.05.2026 01:21:54 ::1 GET /journal
 HTTP  20.05.2026 01:21:54 ::1 Returned 304 in 1 ms
 HTTP  20.05.2026 01:21:54 ::1 GET /css/style.css
 HTTP  20.05.2026 01:21:54 ::1 Returned 304 in 0 ms
 HTTP  20.05.2026 01:21:54 ::1 GET /images/scrin-10.png
 HTTP  20.05.2026 01:21:54 ::1 Returned 304 in 0 ms
 HTTP  20.05.2026 01:21:54 ::1 GET /images/scrin-9.png
 HTTP  20.05.2026 01:21:54 ::1 Returned 304 in 1 ms
 HTTP  20.05.2026 01:21:54 ::1 GET /images/scrin-7.png
 HTTP  20.05.2026 01:21:54 ::1 Returned 304 in 1 ms
 HTTP  20.05.2026 01:21:54 ::1 GET /js/main.js
 HTTP  20.05.2026 01:21:54 ::1 Returned 304 in 1 ms
 HTTP  20.05.2026 01:21:54 ::1 GET /team
 HTTP  20.05.2026 01:21:54 ::1 Returned 304 in 0 ms
 HTTP  20.05.2026 01:21:54 ::1 GET /css/style.css
 HTTP  20.05.2026 01:21:54 ::1 Returned 304 in 1 ms
 HTTP  20.05.2026 01:21:54 ::1 GET /js/main.js
 HTTP  20.05.2026 01:21:54 ::1 Returned 304 in 1 ms
 HTTP  20.05.2026 01:21:55 ::1 GET /about
 HTTP  20.05.2026 01:21:55 ::1 Returned 304 in 1 ms
 HTTP  20.05.2026 01:21:55 ::1 GET /css/style.css
 HTTP  20.05.2026 01:21:55 ::1 Returned 304 in 1 ms
 HTTP  20.05.2026 01:21:55 ::1 GET /images/scrin-9.png
 HTTP  20.05.2026 01:21:55 ::1 Returned 304 in 1 ms
 HTTP  20.05.2026 01:21:55 ::1 GET /images/scrin-8.png
 HTTP  20.05.2026 01:21:55 ::1 Returned 304 in 0 ms
 HTTP  20.05.2026 01:21:55 ::1 GET /images/scrin-10.png
 HTTP  20.05.2026 01:21:55 ::1 Returned 304 in 0 ms
 HTTP  20.05.2026 01:21:55 ::1 GET /images/scrin-7.png
 HTTP  20.05.2026 01:21:55 ::1 GET /images/scrin-6.png
 HTTP  20.05.2026 01:21:55 ::1 Returned 304 in 0 ms
 HTTP  20.05.2026 01:21:55 ::1 Returned 304 in 1 ms
 HTTP  20.05.2026 01:21:55 ::1 GET /js/main.js
 HTTP  20.05.2026 01:21:55 ::1 Returned 304 in 0 ms
 HTTP  20.05.2026 01:21:55 ::1 GET /images/demo.mp4
 HTTP  20.05.2026 01:21:55 ::1 Returned 206 in 0 ms
 HTTP  20.05.2026 01:21:55 ::1 GET /images/demo.mp4
 HTTP  20.05.2026 01:21:55 ::1 Returned 206 in 0 ms
 HTTP  20.05.2026 01:21:55 ::1 GET /images/demo.mp4
 HTTP  20.05.2026 01:21:55 ::1 Returned 206 in 0 ms
 HTTP  20.05.2026 01:22:40 ::1 GET /
 HTTP  20.05.2026 01:22:40 ::1 Returned 304 in 1 ms
 HTTP  20.05.2026 01:22:40 ::1 GET /css/style.css
 HTTP  20.05.2026 01:22:40 ::1 GET /images/scrin-6.png
 HTTP  20.05.2026 01:22:40 ::1 Returned 304 in 1 ms
 HTTP  20.05.2026 01:22:40 ::1 Returned 304 in 0 ms
 HTTP  20.05.2026 01:22:40 ::1 GET /images/scrin-9.png
 HTTP  20.05.2026 01:22:40 ::1 Returned 304 in 1 ms
 HTTP  20.05.2026 01:22:40 ::1 GET /images/scrin-8.png
 HTTP  20.05.2026 01:22:40 ::1 GET /images/scrin-10.png
 HTTP  20.05.2026 01:22:40 ::1 GET /js/main.js
 HTTP  20.05.2026 01:22:40 ::1 Returned 304 in 1 ms
 HTTP  20.05.2026 01:22:40 ::1 Returned 304 in 2 ms
 HTTP  20.05.2026 01:22:40 ::1 GET /images/scrin-7.png
 HTTP  20.05.2026 01:22:40 ::1 Returned 304 in 1 ms
 HTTP  20.05.2026 01:22:40 ::1 Returned 304 in 0 ms
 HTTP  20.05.2026 01:22:40 ::1 GET /images/reductor.png
 HTTP  20.05.2026 01:22:40 ::1 Returned 304 in 1 ms
 HTTP  20.05.2026 01:24:17 ::1 GET /about
 HTTP  20.05.2026 01:24:17 ::1 Returned 304 in 1 ms
 HTTP  20.05.2026 01:24:17 ::1 GET /css/style.css
 HTTP  20.05.2026 01:24:17 ::1 GET /images/scrin-9.png
 HTTP  20.05.2026 01:24:17 ::1 Returned 304 in 1 ms
 HTTP  20.05.2026 01:24:17 ::1 Returned 304 in 0 ms
 HTTP  20.05.2026 01:24:17 ::1 GET /images/scrin-8.png
 HTTP  20.05.2026 01:24:17 ::1 Returned 304 in 0 ms
 HTTP  20.05.2026 01:24:17 ::1 GET /images/scrin-10.png
 HTTP  20.05.2026 01:24:17 ::1 GET /images/scrin-7.png
 HTTP  20.05.2026 01:24:17 ::1 Returned 304 in 0 ms
 HTTP  20.05.2026 01:24:17 ::1 Returned 304 in 1 ms
 HTTP  20.05.2026 01:24:17 ::1 GET /images/scrin-6.png
 HTTP  20.05.2026 01:24:17 ::1 GET /js/main.js
 HTTP  20.05.2026 01:24:17 ::1 Returned 304 in 1 ms
 HTTP  20.05.2026 01:24:17 ::1 Returned 304 in 1 ms
 HTTP  20.05.2026 01:24:17 ::1 GET /images/demo.mp4
 HTTP  20.05.2026 01:24:17 ::1 Returned 206 in 1 ms
 HTTP  20.05.2026 01:24:17 ::1 GET /images/demo.mp4
 HTTP  20.05.2026 01:24:17 ::1 Returned 206 in 1 ms
 HTTP  20.05.2026 01:24:44 ::1 GET /
 HTTP  20.05.2026 01:24:44 ::1 Returned 304 in 1 ms
 HTTP  20.05.2026 01:24:44 ::1 GET /css/style.css
 HTTP  20.05.2026 01:24:44 ::1 GET /images/scrin-6.png
 HTTP  20.05.2026 01:24:44 ::1 Returned 304 in 1 ms
 HTTP  20.05.2026 01:24:44 ::1 Returned 304 in 1 ms
 HTTP  20.05.2026 01:24:44 ::1 GET /images/scrin-9.png
 HTTP  20.05.2026 01:24:44 ::1 Returned 304 in 0 ms
 HTTP  20.05.2026 01:24:44 ::1 GET /images/scrin-8.png
 HTTP  20.05.2026 01:24:44 ::1 GET /images/scrin-10.png
 HTTP  20.05.2026 01:24:44 ::1 Returned 304 in 1 ms
 HTTP  20.05.2026 01:24:44 ::1 Returned 304 in 0 ms
 HTTP  20.05.2026 01:24:44 ::1 GET /js/main.js
 HTTP  20.05.2026 01:24:44 ::1 Returned 304 in 0 ms
 HTTP  20.05.2026 01:24:44 ::1 GET /images/scrin-7.png
 HTTP  20.05.2026 01:24:44 ::1 Returned 304 in 0 ms
 HTTP  20.05.2026 01:24:44 ::1 GET /images/reductor.png
 HTTP  20.05.2026 01:24:44 ::1 Returned 304 in 1 ms
 HTTP  20.05.2026 01:24:46 ::1 GET /
 HTTP  20.05.2026 01:24:46 ::1 Returned 304 in 1 ms
 HTTP  20.05.2026 01:24:46 ::1 GET /css/style.css
 HTTP  20.05.2026 01:24:46 ::1 GET /images/scrin-6.png
 HTTP  20.05.2026 01:24:46 ::1 Returned 304 in 1 ms
 HTTP  20.05.2026 01:24:46 ::1 GET /images/scrin-9.png
 HTTP  20.05.2026 01:24:46 ::1 Returned 304 in 1 ms
 HTTP  20.05.2026 01:24:46 ::1 Returned 304 in 0 ms
 HTTP  20.05.2026 01:24:46 ::1 GET /images/scrin-8.png
 HTTP  20.05.2026 01:24:46 ::1 Returned 304 in 1 ms
 HTTP  20.05.2026 01:24:46 ::1 GET /images/scrin-10.png
 HTTP  20.05.2026 01:24:46 ::1 GET /js/main.js
 HTTP  20.05.2026 01:24:46 ::1 Returned 304 in 1 ms
 HTTP  20.05.2026 01:24:46 ::1 Returned 304 in 1 ms
 HTTP  20.05.2026 01:24:46 ::1 GET /images/scrin-7.png
 HTTP  20.05.2026 01:24:46 ::1 Returned 304 in 0 ms
 HTTP  20.05.2026 01:24:46 ::1 GET /images/reductor.png
 HTTP  20.05.2026 01:24:46 ::1 Returned 304 in 1 ms
 HTTP  20.05.2026 01:24:46 ::1 GET /favicon.svg
 HTTP  20.05.2026 01:24:46 ::1 Returned 304 in 0 ms
 HTTP  20.05.2026 01:24:49 ::1 GET /
 HTTP  20.05.2026 01:24:49 ::1 Returned 304 in 0 ms
 HTTP  20.05.2026 01:24:49 ::1 GET /css/style.css
 HTTP  20.05.2026 01:24:49 ::1 Returned 304 in 1 ms
 HTTP  20.05.2026 01:24:49 ::1 GET /images/scrin-6.png
 HTTP  20.05.2026 01:24:49 ::1 Returned 304 in 0 ms
 HTTP  20.05.2026 01:24:49 ::1 GET /images/scrin-9.png
 HTTP  20.05.2026 01:24:49 ::1 Returned 304 in 0 ms
 HTTP  20.05.2026 01:24:50 ::1 GET /images/scrin-8.png
 HTTP  20.05.2026 01:24:50 ::1 Returned 304 in 0 ms
 HTTP  20.05.2026 01:24:50 ::1 GET /images/scrin-10.png
 HTTP  20.05.2026 01:24:50 ::1 GET /js/main.js
 HTTP  20.05.2026 01:24:50 ::1 Returned 304 in 1 ms
 HTTP  20.05.2026 01:24:50 ::1 GET /images/scrin-7.png
 HTTP  20.05.2026 01:24:50 ::1 Returned 304 in 0 ms
 HTTP  20.05.2026 01:24:50 ::1 GET /images/reductor.png
 HTTP  20.05.2026 01:24:50 ::1 Returned 304 in 1 ms
 HTTP  20.05.2026 01:24:50 ::1 Returned 304 in 1 ms
 HTTP  20.05.2026 01:24:50 ::1 GET /favicon.svg
 HTTP  20.05.2026 01:24:50 ::1 Returned 304 in 0 ms
 HTTP  20.05.2026 01:25:05 ::1 GET /
 HTTP  20.05.2026 01:25:05 ::1 Returned 200 in 1 ms
 HTTP  20.05.2026 01:25:05 ::1 GET /css/style.css
 HTTP  20.05.2026 01:25:05 ::1 Returned 304 in 0 ms
 HTTP  20.05.2026 01:25:05 ::1 GET /images/train-hero.svg
 HTTP  20.05.2026 01:25:05 ::1 Returned 200 in 1 ms
 HTTP  20.05.2026 01:25:05 ::1 GET /images/scrin-6.png
 HTTP  20.05.2026 01:25:05 ::1 Returned 304 in 0 ms
 HTTP  20.05.2026 01:25:05 ::1 GET /images/scrin-9.png
 HTTP  20.05.2026 01:25:05 ::1 GET /images/scrin-8.png
 HTTP  20.05.2026 01:25:05 ::1 Returned 304 in 1 ms
 HTTP  20.05.2026 01:25:05 ::1 Returned 304 in 0 ms
 HTTP  20.05.2026 01:25:05 ::1 GET /images/scrin-10.png
 HTTP  20.05.2026 01:25:05 ::1 GET /js/main.js
 HTTP  20.05.2026 01:25:05 ::1 Returned 304 in 0 ms
 HTTP  20.05.2026 01:25:05 ::1 Returned 304 in 0 ms
 HTTP  20.05.2026 01:25:05 ::1 GET /images/scrin-7.png
 HTTP  20.05.2026 01:25:05 ::1 GET /images/reductor.png
 HTTP  20.05.2026 01:25:05 ::1 Returned 304 in 1 ms
 HTTP  20.05.2026 01:25:05 ::1 Returned 304 in 0 ms
 HTTP  20.05.2026 01:25:05 ::1 GET /favicon.svg
 HTTP  20.05.2026 01:25:05 ::1 Returned 304 in 1 ms
 HTTP  20.05.2026 01:29:07 ::1 GET /about
 HTTP  20.05.2026 01:29:07 ::1 Returned 304 in 0 ms
 HTTP  20.05.2026 01:29:07 ::1 GET /css/style.css
 HTTP  20.05.2026 01:29:07 ::1 Returned 304 in 1 ms
 HTTP  20.05.2026 01:29:07 ::1 GET /images/scrin-9.png
 HTTP  20.05.2026 01:29:07 ::1 Returned 304 in 0 ms
 HTTP  20.05.2026 01:29:07 ::1 GET /images/scrin-8.png
 HTTP  20.05.2026 01:29:07 ::1 Returned 304 in 1 ms
 HTTP  20.05.2026 01:29:07 ::1 GET /images/scrin-10.png
 HTTP  20.05.2026 01:29:07 ::1 Returned 304 in 1 ms
 HTTP  20.05.2026 01:29:07 ::1 GET /images/scrin-7.png
 HTTP  20.05.2026 01:29:07 ::1 GET /images/scrin-6.png
 HTTP  20.05.2026 01:29:07 ::1 Returned 304 in 1 ms
 HTTP  20.05.2026 01:29:07 ::1 Returned 304 in 0 ms
 HTTP  20.05.2026 01:29:07 ::1 GET /js/main.js
 HTTP  20.05.2026 01:29:07 ::1 Returned 304 in 0 ms
 HTTP  20.05.2026 01:29:07 ::1 GET /images/demo.mp4
 HTTP  20.05.2026 01:29:07 ::1 Returned 206 in 0 ms
 HTTP  20.05.2026 01:29:07 ::1 GET /images/demo.mp4
 HTTP  20.05.2026 01:29:07 ::1 Returned 206 in 1 ms
 HTTP  20.05.2026 01:29:07 ::1 GET /images/demo.mp4
 HTTP  20.05.2026 01:29:07 ::1 Returned 206 in 1 ms
 HTTP  20.05.2026 01:31:20 ::1 GET /
 HTTP  20.05.2026 01:31:20 ::1 Returned 200 in 1 ms
 HTTP  20.05.2026 01:31:20 ::1 GET /css/style.css
 HTTP  20.05.2026 01:31:20 ::1 GET /images/loco-ep20.jpg
 HTTP  20.05.2026 01:31:20 ::1 Returned 304 in 0 ms
 HTTP  20.05.2026 01:31:20 ::1 Returned 200 in 0 ms
 HTTP  20.05.2026 01:31:20 ::1 GET /images/scrin-6.png
 HTTP  20.05.2026 01:31:20 ::1 Returned 304 in 1 ms
 HTTP  20.05.2026 01:31:20 ::1 GET /images/scrin-9.png
 HTTP  20.05.2026 01:31:20 ::1 Returned 304 in 1 ms
 HTTP  20.05.2026 01:31:20 ::1 GET /images/scrin-8.png
 HTTP  20.05.2026 01:31:20 ::1 GET /images/scrin-10.png
 HTTP  20.05.2026 01:31:20 ::1 GET /js/main.js
 HTTP  20.05.2026 01:31:20 ::1 GET /images/scrin-7.png
 HTTP  20.05.2026 01:31:20 ::1 Returned 304 in 1 ms
 HTTP  20.05.2026 01:31:20 ::1 Returned 304 in 1 ms
 HTTP  20.05.2026 01:31:20 ::1 Returned 304 in 1 ms
 HTTP  20.05.2026 01:31:20 ::1 Returned 304 in 0 ms
 HTTP  20.05.2026 01:31:20 ::1 GET /images/reductor.png
 HTTP  20.05.2026 01:31:20 ::1 Returned 304 in 1 ms
 HTTP  20.05.2026 01:33:23 ::1 GET /
 HTTP  20.05.2026 01:33:23 ::1 Returned 304 in 1 ms
 HTTP  20.05.2026 01:33:23 ::1 GET /css/style.css
 HTTP  20.05.2026 01:33:23 ::1 Returned 200 in 2 ms
 HTTP  20.05.2026 01:33:23 ::1 GET /images/loco-ep20.jpg
 HTTP  20.05.2026 01:33:23 ::1 Returned 304 in 0 ms
 HTTP  20.05.2026 01:33:23 ::1 GET /images/scrin-6.png
 HTTP  20.05.2026 01:33:23 ::1 Returned 304 in 0 ms
 HTTP  20.05.2026 01:33:23 ::1 GET /images/scrin-9.png
 HTTP  20.05.2026 01:33:23 ::1 GET /images/scrin-8.png
 HTTP  20.05.2026 01:33:23 ::1 Returned 304 in 1 ms
 HTTP  20.05.2026 01:33:23 ::1 GET /images/scrin-10.png
 HTTP  20.05.2026 01:33:23 ::1 Returned 304 in 1 ms
 HTTP  20.05.2026 01:33:23 ::1 GET /js/main.js
 HTTP  20.05.2026 01:33:23 ::1 GET /images/scrin-7.png
 HTTP  20.05.2026 01:33:23 ::1 Returned 304 in 1 ms
 HTTP  20.05.2026 01:33:23 ::1 Returned 304 in 0 ms
 HTTP  20.05.2026 01:33:23 ::1 GET /images/reductor.png
 HTTP  20.05.2026 01:33:23 ::1 Returned 304 in 1 ms
 HTTP  20.05.2026 01:33:23 ::1 Returned 304 in 0 ms
 HTTP  20.05.2026 01:33:23 ::1 GET /favicon.svg
 HTTP  20.05.2026 01:33:23 ::1 Returned 304 in 1 ms
 HTTP  20.05.2026 01:33:34 ::1 GET /about
 HTTP  20.05.2026 01:33:34 ::1 Returned 200 in 1 ms
 HTTP  20.05.2026 01:33:34 ::1 GET /css/style.css
 HTTP  20.05.2026 01:33:34 ::1 Returned 304 in 1 ms
 HTTP  20.05.2026 01:33:34 ::1 GET /images/scrin-9.png
 HTTP  20.05.2026 01:33:34 ::1 Returned 304 in 1 ms
 HTTP  20.05.2026 01:33:34 ::1 GET /images/scrin-8.png
 HTTP  20.05.2026 01:33:34 ::1 Returned 304 in 0 ms
 HTTP  20.05.2026 01:33:34 ::1 GET /images/scrin-10.png
 HTTP  20.05.2026 01:33:34 ::1 GET /images/scrin-7.png
 HTTP  20.05.2026 01:33:34 ::1 Returned 304 in 0 ms
 HTTP  20.05.2026 01:33:34 ::1 GET /images/scrin-6.png
 HTTP  20.05.2026 01:33:34 ::1 Returned 304 in 1 ms
 HTTP  20.05.2026 01:33:34 ::1 Returned 304 in 1 ms
 HTTP  20.05.2026 01:33:34 ::1 GET /js/main.js
 HTTP  20.05.2026 01:33:34 ::1 Returned 304 in 1 ms
 HTTP  20.05.2026 01:33:34 ::1 GET /images/demo.mp4
 HTTP  20.05.2026 01:33:34 ::1 Returned 206 in 0 ms
 HTTP  20.05.2026 01:33:34 ::1 GET /images/demo.mp4
 HTTP  20.05.2026 01:33:34 ::1 Returned 206 in 0 ms
 HTTP  20.05.2026 01:33:34 ::1 GET /images/demo.mp4
 HTTP  20.05.2026 01:33:34 ::1 Returned 206 in 0 ms
 HTTP  20.05.2026 01:33:42 ::1 GET /team
 HTTP  20.05.2026 01:33:42 ::1 Returned 304 in 0 ms
 HTTP  20.05.2026 01:33:42 ::1 GET /css/style.css
 HTTP  20.05.2026 01:33:42 ::1 Returned 304 in 1 ms
 HTTP  20.05.2026 01:33:42 ::1 GET /js/main.js
 HTTP  20.05.2026 01:33:42 ::1 Returned 304 in 1 ms
 HTTP  20.05.2026 01:33:47 ::1 GET /journal
 HTTP  20.05.2026 01:33:47 ::1 Returned 200 in 1 ms
 HTTP  20.05.2026 01:33:47 ::1 GET /css/style.css
 HTTP  20.05.2026 01:33:47 ::1 Returned 304 in 1 ms
 HTTP  20.05.2026 01:33:47 ::1 GET /images/scrin-10.png
 HTTP  20.05.2026 01:33:47 ::1 Returned 304 in 0 ms
 HTTP  20.05.2026 01:33:47 ::1 GET /images/scrin-9.png
 HTTP  20.05.2026 01:33:47 ::1 Returned 304 in 0 ms
 HTTP  20.05.2026 01:33:47 ::1 GET /images/scrin-7.png
 HTTP  20.05.2026 01:33:47 ::1 GET /js/main.js
 HTTP  20.05.2026 01:33:47 ::1 Returned 304 in 1 ms
 HTTP  20.05.2026 01:33:47 ::1 Returned 304 in 0 ms
 HTTP  20.05.2026 01:35:29 ::1 GET /
 HTTP  20.05.2026 01:35:29 ::1 Returned 304 in 1 ms
 HTTP  20.05.2026 01:35:29 ::1 GET /css/style.css
 HTTP  20.05.2026 01:35:29 ::1 GET /images/loco-ep20.jpg
 HTTP  20.05.2026 01:35:29 ::1 Returned 304 in 1 ms
 HTTP  20.05.2026 01:35:29 ::1 Returned 304 in 1 ms
 HTTP  20.05.2026 01:35:29 ::1 GET /images/scrin-6.png
 HTTP  20.05.2026 01:35:29 ::1 Returned 304 in 1 ms
 HTTP  20.05.2026 01:35:29 ::1 GET /images/scrin-9.png
 HTTP  20.05.2026 01:35:29 ::1 GET /images/scrin-8.png
 HTTP  20.05.2026 01:35:29 ::1 Returned 304 in 1 ms
 HTTP  20.05.2026 01:35:29 ::1 Returned 304 in 1 ms
 HTTP  20.05.2026 01:35:29 ::1 GET /images/scrin-10.png
 HTTP  20.05.2026 01:35:29 ::1 GET /js/main.js
 HTTP  20.05.2026 01:35:29 ::1 GET /images/scrin-7.png
 HTTP  20.05.2026 01:35:29 ::1 Returned 304 in 1 ms
 HTTP  20.05.2026 01:35:29 ::1 Returned 304 in 1 ms
 HTTP  20.05.2026 01:35:29 ::1 GET /images/reductor.png
 HTTP  20.05.2026 01:35:29 ::1 Returned 304 in 1 ms
 HTTP  20.05.2026 01:35:29 ::1 Returned 304 in 0 ms
 HTTP  20.05.2026 01:35:35 ::1 GET /about
 HTTP  20.05.2026 01:35:35 ::1 Returned 304 in 1 ms
 HTTP  20.05.2026 01:35:35 ::1 GET /css/style.css
 HTTP  20.05.2026 01:35:35 ::1 Returned 304 in 0 ms
 HTTP  20.05.2026 01:35:35 ::1 GET /images/scrin-9.png
 HTTP  20.05.2026 01:35:35 ::1 GET /images/scrin-8.png
 HTTP  20.05.2026 01:35:35 ::1 Returned 304 in 0 ms
 HTTP  20.05.2026 01:35:35 ::1 Returned 304 in 1 ms
 HTTP  20.05.2026 01:35:35 ::1 GET /images/scrin-10.png
 HTTP  20.05.2026 01:35:35 ::1 GET /images/scrin-7.png
 HTTP  20.05.2026 01:35:35 ::1 Returned 304 in 0 ms
 HTTP  20.05.2026 01:35:35 ::1 GET /images/scrin-6.png
 HTTP  20.05.2026 01:35:35 ::1 GET /js/main.js
 HTTP  20.05.2026 01:35:35 ::1 Returned 304 in 1 ms
 HTTP  20.05.2026 01:35:35 ::1 Returned 304 in 0 ms
 HTTP  20.05.2026 01:35:35 ::1 Returned 304 in 1 ms
 HTTP  20.05.2026 01:35:35 ::1 GET /images/demo.mp4
 HTTP  20.05.2026 01:35:35 ::1 Returned 206 in 0 ms
 HTTP  20.05.2026 01:35:35 ::1 GET /images/demo.mp4
 HTTP  20.05.2026 01:35:35 ::1 Returned 206 in 1 ms
 HTTP  20.05.2026 01:35:37 ::1 GET /about
 HTTP  20.05.2026 01:35:37 ::1 Returned 304 in 0 ms
 HTTP  20.05.2026 01:35:37 ::1 GET /css/style.css
 HTTP  20.05.2026 01:35:37 ::1 Returned 304 in 0 ms
 HTTP  20.05.2026 01:35:37 ::1 GET /images/scrin-9.png
 HTTP  20.05.2026 01:35:37 ::1 Returned 304 in 0 ms
 HTTP  20.05.2026 01:35:37 ::1 GET /images/scrin-8.png
 HTTP  20.05.2026 01:35:37 ::1 Returned 304 in 1 ms
 HTTP  20.05.2026 01:35:37 ::1 GET /images/scrin-10.png
 HTTP  20.05.2026 01:35:37 ::1 Returned 304 in 0 ms
 HTTP  20.05.2026 01:35:37 ::1 GET /images/scrin-7.png
 HTTP  20.05.2026 01:35:37 ::1 GET /images/scrin-6.png
 HTTP  20.05.2026 01:35:37 ::1 Returned 304 in 1 ms
 HTTP  20.05.2026 01:35:37 ::1 Returned 304 in 0 ms
 HTTP  20.05.2026 01:35:37 ::1 GET /js/main.js
 HTTP  20.05.2026 01:35:37 ::1 Returned 304 in 0 ms
 HTTP  20.05.2026 01:35:37 ::1 GET /images/demo.mp4
 HTTP  20.05.2026 01:35:37 ::1 Returned 206 in 1 ms
 HTTP  20.05.2026 01:35:37 ::1 GET /images/demo.mp4
 HTTP  20.05.2026 01:35:37 ::1 Returned 206 in 0 ms
 HTTP  20.05.2026 01:35:37 ::1 GET /images/demo.mp4
 HTTP  20.05.2026 01:35:37 ::1 Returned 206 in 0 ms
 HTTP  20.05.2026 01:35:37 ::1 GET /images/demo.mp4
 HTTP  20.05.2026 01:35:37 ::1 Returned 206 in 0 ms
 HTTP  20.05.2026 01:35:37 ::1 GET /
 HTTP  20.05.2026 01:35:37 ::1 Returned 304 in 0 ms
 HTTP  20.05.2026 01:35:37 ::1 GET /css/style.css
 HTTP  20.05.2026 01:35:37 ::1 Returned 304 in 1 ms
 HTTP  20.05.2026 01:35:37 ::1 GET /images/loco-ep20.jpg
 HTTP  20.05.2026 01:35:37 ::1 Returned 304 in 1 ms
 HTTP  20.05.2026 01:35:37 ::1 GET /images/scrin-6.png
 HTTP  20.05.2026 01:35:37 ::1 Returned 304 in 0 ms
 HTTP  20.05.2026 01:35:37 ::1 GET /images/scrin-9.png
 HTTP  20.05.2026 01:35:37 ::1 Returned 304 in 0 ms
 HTTP  20.05.2026 01:35:37 ::1 GET /images/scrin-8.png
 HTTP  20.05.2026 01:35:37 ::1 Returned 304 in 1 ms
 HTTP  20.05.2026 01:35:37 ::1 GET /images/scrin-10.png
 HTTP  20.05.2026 01:35:37 ::1 Returned 304 in 0 ms
 HTTP  20.05.2026 01:35:37 ::1 GET /js/main.js
 HTTP  20.05.2026 01:35:37 ::1 Returned 304 in 0 ms
 HTTP  20.05.2026 01:35:38 ::1 GET /images/scrin-7.png
 HTTP  20.05.2026 01:35:38 ::1 GET /images/reductor.png
 HTTP  20.05.2026 01:35:38 ::1 Returned 304 in 0 ms
 HTTP  20.05.2026 01:35:38 ::1 Returned 304 in 0 ms
 HTTP  20.05.2026 01:35:39 ::1 GET /about
 HTTP  20.05.2026 01:35:39 ::1 Returned 304 in 0 ms
 HTTP  20.05.2026 01:35:39 ::1 GET /css/style.css
 HTTP  20.05.2026 01:35:39 ::1 Returned 304 in 0 ms
 HTTP  20.05.2026 01:35:39 ::1 GET /images/scrin-9.png
 HTTP  20.05.2026 01:35:39 ::1 Returned 304 in 0 ms
 HTTP  20.05.2026 01:35:39 ::1 GET /images/scrin-8.png
 HTTP  20.05.2026 01:35:39 ::1 Returned 304 in 1 ms
 HTTP  20.05.2026 01:35:39 ::1 GET /images/scrin-10.png
 HTTP  20.05.2026 01:35:39 ::1 GET /images/scrin-7.png
 HTTP  20.05.2026 01:35:39 ::1 Returned 304 in 1 ms
 HTTP  20.05.2026 01:35:39 ::1 GET /images/scrin-6.png
 HTTP  20.05.2026 01:35:39 ::1 GET /js/main.js
 HTTP  20.05.2026 01:35:39 ::1 Returned 304 in 1 ms
 HTTP  20.05.2026 01:35:39 ::1 Returned 304 in 1 ms
 HTTP  20.05.2026 01:35:39 ::1 Returned 304 in 0 ms
 HTTP  20.05.2026 01:35:39 ::1 GET /images/demo.mp4
 HTTP  20.05.2026 01:35:39 ::1 Returned 206 in 0 ms
 HTTP  20.05.2026 01:35:39 ::1 GET /images/demo.mp4
 HTTP  20.05.2026 01:35:39 ::1 Returned 206 in 0 ms
 HTTP  20.05.2026 01:35:40 ::1 GET /about
 HTTP  20.05.2026 01:35:40 ::1 Returned 304 in 0 ms
 HTTP  20.05.2026 01:35:40 ::1 GET /css/style.css
 HTTP  20.05.2026 01:35:40 ::1 GET /images/scrin-9.png
 HTTP  20.05.2026 01:35:40 ::1 Returned 304 in 0 ms
 HTTP  20.05.2026 01:35:40 ::1 Returned 304 in 1 ms
 HTTP  20.05.2026 01:35:40 ::1 GET /images/scrin-8.png
 HTTP  20.05.2026 01:35:40 ::1 Returned 304 in 0 ms
 HTTP  20.05.2026 01:35:40 ::1 GET /images/scrin-10.png
 HTTP  20.05.2026 01:35:40 ::1 GET /images/scrin-7.png
 HTTP  20.05.2026 01:35:40 ::1 GET /images/scrin-6.png
 HTTP  20.05.2026 01:35:40 ::1 GET /js/main.js
 HTTP  20.05.2026 01:35:40 ::1 Returned 304 in 1 ms
 HTTP  20.05.2026 01:35:40 ::1 Returned 304 in 1 ms
 HTTP  20.05.2026 01:35:40 ::1 Returned 304 in 0 ms
 HTTP  20.05.2026 01:35:40 ::1 Returned 304 in 1 ms
 HTTP  20.05.2026 01:35:40 ::1 GET /images/demo.mp4
 HTTP  20.05.2026 01:35:40 ::1 Returned 206 in 0 ms
 HTTP  20.05.2026 01:35:40 ::1 GET /images/demo.mp4
 HTTP  20.05.2026 01:35:40 ::1 Returned 206 in 1 ms
 HTTP  20.05.2026 01:35:40 ::1 GET /images/demo.mp4
 HTTP  20.05.2026 01:35:40 ::1 Returned 206 in 1 ms
 HTTP  20.05.2026 01:39:06 ::1 GET /
 HTTP  20.05.2026 01:39:06 ::1 Returned 304 in 1 ms
 HTTP  20.05.2026 01:39:06 ::1 GET /css/style.css
 HTTP  20.05.2026 01:39:06 ::1 GET /images/loco-ep20.jpg
 HTTP  20.05.2026 01:39:06 ::1 GET /images/scrin-6.png
 HTTP  20.05.2026 01:39:06 ::1 Returned 304 in 1 ms
 HTTP  20.05.2026 01:39:06 ::1 Returned 304 in 0 ms
 HTTP  20.05.2026 01:39:06 ::1 Returned 304 in 0 ms
 HTTP  20.05.2026 01:39:06 ::1 GET /images/scrin-9.png
 HTTP  20.05.2026 01:39:06 ::1 Returned 304 in 1 ms
 HTTP  20.05.2026 01:39:06 ::1 GET /images/scrin-8.png
 HTTP  20.05.2026 01:39:06 ::1 GET /images/scrin-10.png
 HTTP  20.05.2026 01:39:06 ::1 Returned 304 in 0 ms
 HTTP  20.05.2026 01:39:06 ::1 GET /js/main.js
 HTTP  20.05.2026 01:39:06 ::1 Returned 304 in 1 ms
 HTTP  20.05.2026 01:39:06 ::1 Returned 304 in 0 ms
 HTTP  20.05.2026 01:39:06 ::1 GET /images/scrin-7.png
 HTTP  20.05.2026 01:39:06 ::1 Returned 304 in 1 ms
 HTTP  20.05.2026 01:39:06 ::1 GET /images/reductor.png
 HTTP  20.05.2026 01:39:06 ::1 Returned 304 in 0 ms
 HTTP  20.05.2026 01:39:06 ::1 GET /about
 HTTP  20.05.2026 01:39:06 ::1 Returned 304 in 1 ms
 HTTP  20.05.2026 01:39:06 ::1 GET /css/style.css
 HTTP  20.05.2026 01:39:06 ::1 Returned 304 in 1 ms
 HTTP  20.05.2026 01:39:06 ::1 GET /images/scrin-9.png
 HTTP  20.05.2026 01:39:06 ::1 Returned 304 in 0 ms
 HTTP  20.05.2026 01:39:06 ::1 GET /images/scrin-8.png
 HTTP  20.05.2026 01:39:06 ::1 Returned 304 in 0 ms
 HTTP  20.05.2026 01:39:06 ::1 GET /images/scrin-10.png
 HTTP  20.05.2026 01:39:06 ::1 Returned 304 in 0 ms
 HTTP  20.05.2026 01:39:06 ::1 GET /images/scrin-7.png
 HTTP  20.05.2026 01:39:06 ::1 GET /images/scrin-6.png
 HTTP  20.05.2026 01:39:06 ::1 Returned 304 in 0 ms
 HTTP  20.05.2026 01:39:06 ::1 Returned 304 in 0 ms
 HTTP  20.05.2026 01:39:06 ::1 GET /js/main.js
 HTTP  20.05.2026 01:39:06 ::1 Returned 304 in 0 ms
 HTTP  20.05.2026 01:39:06 ::1 GET /images/demo.mp4
 HTTP  20.05.2026 01:39:06 ::1 Returned 206 in 0 ms
 HTTP  20.05.2026 01:39:06 ::1 GET /images/demo.mp4
 HTTP  20.05.2026 01:39:06 ::1 Returned 206 in 1 ms
 HTTP  20.05.2026 01:39:07 ::1 GET /team
 HTTP  20.05.2026 01:39:07 ::1 Returned 304 in 1 ms
 HTTP  20.05.2026 01:39:07 ::1 GET /css/style.css
 HTTP  20.05.2026 01:39:07 ::1 Returned 304 in 1 ms
 HTTP  20.05.2026 01:39:07 ::1 GET /js/main.js
 HTTP  20.05.2026 01:39:07 ::1 Returned 304 in 0 ms
 HTTP  20.05.2026 01:39:08 ::1 GET /
 HTTP  20.05.2026 01:39:08 ::1 Returned 304 in 1 ms
 HTTP  20.05.2026 01:39:08 ::1 GET /css/style.css
 HTTP  20.05.2026 01:39:08 ::1 Returned 304 in 0 ms
 HTTP  20.05.2026 01:39:08 ::1 GET /images/loco-ep20.jpg
 HTTP  20.05.2026 01:39:08 ::1 Returned 304 in 1 ms
 HTTP  20.05.2026 01:39:08 ::1 GET /images/scrin-6.png
 HTTP  20.05.2026 01:39:08 ::1 Returned 304 in 0 ms
 HTTP  20.05.2026 01:39:08 ::1 GET /images/scrin-9.png
 HTTP  20.05.2026 01:39:08 ::1 GET /images/scrin-8.png
 HTTP  20.05.2026 01:39:08 ::1 Returned 304 in 1 ms
 HTTP  20.05.2026 01:39:08 ::1 GET /images/scrin-10.png
 HTTP  20.05.2026 01:39:08 ::1 GET /js/main.js
 HTTP  20.05.2026 01:39:08 ::1 Returned 304 in 1 ms
 HTTP  20.05.2026 01:39:08 ::1 Returned 304 in 1 ms
 HTTP  20.05.2026 01:39:08 ::1 GET /images/scrin-7.png
 HTTP  20.05.2026 01:39:08 ::1 Returned 304 in 1 ms
 HTTP  20.05.2026 01:39:08 ::1 GET /images/reductor.png
 HTTP  20.05.2026 01:39:08 ::1 Returned 304 in 1 ms
 HTTP  20.05.2026 01:39:08 ::1 Returned 304 in 0 ms
 HTTP  20.05.2026 01:40:14 ::1 GET /about
 HTTP  20.05.2026 01:40:14 ::1 Returned 304 in 1 ms
 HTTP  20.05.2026 01:40:14 ::1 GET /css/style.css
 HTTP  20.05.2026 01:40:14 ::1 GET /images/scrin-9.png
 HTTP  20.05.2026 01:40:14 ::1 Returned 304 in 0 ms
 HTTP  20.05.2026 01:40:14 ::1 Returned 200 in 2 ms
 HTTP  20.05.2026 01:40:14 ::1 GET /images/scrin-8.png
 HTTP  20.05.2026 01:40:14 ::1 Returned 304 in 0 ms
 HTTP  20.05.2026 01:40:14 ::1 GET /images/scrin-10.png
 HTTP  20.05.2026 01:40:14 ::1 Returned 304 in 1 ms
 HTTP  20.05.2026 01:40:14 ::1 GET /images/scrin-7.png
 HTTP  20.05.2026 01:40:14 ::1 GET /images/scrin-6.png
 HTTP  20.05.2026 01:40:14 ::1 Returned 304 in 0 ms
 HTTP  20.05.2026 01:40:14 ::1 GET /js/main.js
 HTTP  20.05.2026 01:40:14 ::1 Returned 304 in 1 ms
 HTTP  20.05.2026 01:40:14 ::1 Returned 304 in 1 ms
 HTTP  20.05.2026 01:40:14 ::1 GET /images/demo.mp4
 HTTP  20.05.2026 01:40:14 ::1 Returned 206 in 1 ms
 HTTP  20.05.2026 01:40:14 ::1 GET /images/demo.mp4
 HTTP  20.05.2026 01:40:14 ::1 Returned 206 in 1 ms
 HTTP  20.05.2026 01:40:15 ::1 GET /
 HTTP  20.05.2026 01:40:15 ::1 Returned 304 in 0 ms
 HTTP  20.05.2026 01:40:15 ::1 GET /css/style.css
 HTTP  20.05.2026 01:40:15 ::1 Returned 304 in 1 ms
 HTTP  20.05.2026 01:40:15 ::1 GET /images/loco-ep20.jpg
 HTTP  20.05.2026 01:40:15 ::1 Returned 304 in 0 ms
 HTTP  20.05.2026 01:40:15 ::1 GET /images/scrin-6.png
 HTTP  20.05.2026 01:40:15 ::1 Returned 304 in 0 ms
 HTTP  20.05.2026 01:40:15 ::1 GET /images/scrin-9.png
 HTTP  20.05.2026 01:40:15 ::1 Returned 304 in 1 ms
 HTTP  20.05.2026 01:40:15 ::1 GET /images/scrin-8.png
 HTTP  20.05.2026 01:40:15 ::1 Returned 304 in 0 ms
 HTTP  20.05.2026 01:40:15 ::1 GET /images/scrin-10.png
 HTTP  20.05.2026 01:40:15 ::1 Returned 304 in 0 ms
 HTTP  20.05.2026 01:40:15 ::1 GET /js/main.js
 HTTP  20.05.2026 01:40:15 ::1 GET /images/scrin-7.png
 HTTP  20.05.2026 01:40:15 ::1 Returned 304 in 0 ms
 HTTP  20.05.2026 01:40:15 ::1 GET /images/reductor.png
 HTTP  20.05.2026 01:40:15 ::1 Returned 304 in 1 ms
 HTTP  20.05.2026 01:40:15 ::1 Returned 304 in 0 ms
 HTTP  20.05.2026 01:40:17 ::1 GET /about
 HTTP  20.05.2026 01:40:17 ::1 Returned 304 in 1 ms
 HTTP  20.05.2026 01:40:17 ::1 GET /css/style.css
 HTTP  20.05.2026 01:40:17 ::1 Returned 304 in 0 ms
 HTTP  20.05.2026 01:40:17 ::1 GET /images/scrin-9.png
 HTTP  20.05.2026 01:40:17 ::1 Returned 304 in 0 ms
 HTTP  20.05.2026 01:40:17 ::1 GET /images/scrin-8.png
 HTTP  20.05.2026 01:40:17 ::1 Returned 304 in 0 ms
 HTTP  20.05.2026 01:40:17 ::1 GET /images/scrin-10.png
 HTTP  20.05.2026 01:40:17 ::1 GET /images/scrin-7.png
 HTTP  20.05.2026 01:40:17 ::1 GET /images/scrin-6.png
 HTTP  20.05.2026 01:40:17 ::1 GET /js/main.js
 HTTP  20.05.2026 01:40:17 ::1 Returned 304 in 1 ms
 HTTP  20.05.2026 01:40:17 ::1 Returned 304 in 1 ms
 HTTP  20.05.2026 01:40:17 ::1 Returned 304 in 0 ms
 HTTP  20.05.2026 01:40:17 ::1 Returned 304 in 1 ms
 HTTP  20.05.2026 01:40:17 ::1 GET /images/demo.mp4
 HTTP  20.05.2026 01:40:17 ::1 Returned 206 in 1 ms
 HTTP  20.05.2026 01:40:17 ::1 GET /images/demo.mp4
 HTTP  20.05.2026 01:40:17 ::1 Returned 206 in 1 ms
 HTTP  20.05.2026 01:40:17 ::1 GET /images/demo.mp4
 HTTP  20.05.2026 01:40:17 ::1 Returned 206 in 0 ms
 HTTP  20.05.2026 01:41:42 ::1 GET /about
 HTTP  20.05.2026 01:41:42 ::1 Returned 304 in 1 ms
 HTTP  20.05.2026 01:41:42 ::1 GET /css/style.css
 HTTP  20.05.2026 01:41:42 ::1 Returned 304 in 0 ms
 HTTP  20.05.2026 01:41:42 ::1 GET /images/scrin-9.png
 HTTP  20.05.2026 01:41:42 ::1 Returned 304 in 0 ms
 HTTP  20.05.2026 01:41:42 ::1 GET /images/scrin-8.png
 HTTP  20.05.2026 01:41:42 ::1 Returned 304 in 0 ms
 HTTP  20.05.2026 01:41:42 ::1 GET /images/scrin-10.png
 HTTP  20.05.2026 01:41:42 ::1 Returned 304 in 0 ms
 HTTP  20.05.2026 01:41:42 ::1 GET /images/scrin-7.png
 HTTP  20.05.2026 01:41:42 ::1 GET /images/scrin-6.png
 HTTP  20.05.2026 01:41:42 ::1 Returned 304 in 0 ms
 HTTP  20.05.2026 01:41:42 ::1 GET /js/main.js
 HTTP  20.05.2026 01:41:42 ::1 Returned 304 in 1 ms
 HTTP  20.05.2026 01:41:42 ::1 Returned 304 in 0 ms
 HTTP  20.05.2026 01:41:42 ::1 GET /images/demo.mp4
 HTTP  20.05.2026 01:41:42 ::1 Returned 206 in 1 ms
 HTTP  20.05.2026 01:41:42 ::1 GET /images/demo.mp4
 HTTP  20.05.2026 01:41:42 ::1 Returned 206 in 0 ms
 HTTP  20.05.2026 01:41:43 ::1 GET /
 HTTP  20.05.2026 01:41:43 ::1 Returned 304 in 0 ms
 HTTP  20.05.2026 01:41:43 ::1 GET /css/style.css
 HTTP  20.05.2026 01:41:43 ::1 Returned 304 in 0 ms
 HTTP  20.05.2026 01:41:43 ::1 GET /images/loco-ep20.jpg
 HTTP  20.05.2026 01:41:43 ::1 Returned 304 in 1 ms
 HTTP  20.05.2026 01:41:43 ::1 GET /images/scrin-6.png
 HTTP  20.05.2026 01:41:43 ::1 Returned 304 in 1 ms
 HTTP  20.05.2026 01:41:43 ::1 GET /images/scrin-9.png
 HTTP  20.05.2026 01:41:43 ::1 Returned 304 in 1 ms
 HTTP  20.05.2026 01:41:43 ::1 GET /images/scrin-8.png
 HTTP  20.05.2026 01:41:43 ::1 GET /images/scrin-10.png
 HTTP  20.05.2026 01:41:43 ::1 Returned 304 in 1 ms
 HTTP  20.05.2026 01:41:43 ::1 Returned 304 in 1 ms
 HTTP  20.05.2026 01:41:43 ::1 GET /js/main.js
 HTTP  20.05.2026 01:41:43 ::1 Returned 304 in 0 ms
 HTTP  20.05.2026 01:41:43 ::1 GET /images/scrin-7.png
 HTTP  20.05.2026 01:41:43 ::1 GET /images/reductor.png
 HTTP  20.05.2026 01:41:43 ::1 Returned 304 in 1 ms
 HTTP  20.05.2026 01:41:43 ::1 Returned 304 in 0 ms
 HTTP  20.05.2026 01:41:43 ::1 GET /about
 HTTP  20.05.2026 01:41:43 ::1 Returned 304 in 1 ms
 HTTP  20.05.2026 01:41:43 ::1 GET /css/style.css
 HTTP  20.05.2026 01:41:43 ::1 Returned 304 in 1 ms
 HTTP  20.05.2026 01:41:43 ::1 GET /images/scrin-9.png
 HTTP  20.05.2026 01:41:43 ::1 Returned 304 in 1 ms
 HTTP  20.05.2026 01:41:43 ::1 GET /images/scrin-8.png
 HTTP  20.05.2026 01:41:43 ::1 Returned 304 in 1 ms
 HTTP  20.05.2026 01:41:43 ::1 GET /images/scrin-10.png
 HTTP  20.05.2026 01:41:43 ::1 Returned 304 in 0 ms
 HTTP  20.05.2026 01:41:43 ::1 GET /images/scrin-7.png
 HTTP  20.05.2026 01:41:43 ::1 GET /images/scrin-6.png
 HTTP  20.05.2026 01:41:43 ::1 Returned 304 in 0 ms
 HTTP  20.05.2026 01:41:43 ::1 GET /js/main.js
 HTTP  20.05.2026 01:41:43 ::1 Returned 304 in 0 ms
 HTTP  20.05.2026 01:41:43 ::1 Returned 304 in 1 ms
 HTTP  20.05.2026 01:41:43 ::1 GET /images/demo.mp4
 HTTP  20.05.2026 01:41:43 ::1 Returned 206 in 0 ms
 HTTP  20.05.2026 01:41:43 ::1 GET /images/demo.mp4
 HTTP  20.05.2026 01:41:43 ::1 Returned 206 in 0 ms
 HTTP  20.05.2026 01:44:26 ::1 GET /about
 HTTP  20.05.2026 01:44:26 ::1 Returned 304 in 0 ms
 HTTP  20.05.2026 01:44:26 ::1 GET /css/style.css
 HTTP  20.05.2026 01:44:26 ::1 Returned 200 in 1 ms
 HTTP  20.05.2026 01:44:26 ::1 GET /images/scrin-9.png
 HTTP  20.05.2026 01:44:26 ::1 Returned 304 in 0 ms
 HTTP  20.05.2026 01:44:26 ::1 GET /images/scrin-8.png
 HTTP  20.05.2026 01:44:26 ::1 Returned 304 in 0 ms
 HTTP  20.05.2026 01:44:26 ::1 GET /images/scrin-10.png
 HTTP  20.05.2026 01:44:26 ::1 GET /images/scrin-7.png
 HTTP  20.05.2026 01:44:26 ::1 GET /images/scrin-6.png
 HTTP  20.05.2026 01:44:26 ::1 Returned 304 in 1 ms
 HTTP  20.05.2026 01:44:26 ::1 Returned 304 in 0 ms
 HTTP  20.05.2026 01:44:26 ::1 GET /js/main.js
 HTTP  20.05.2026 01:44:26 ::1 Returned 304 in 1 ms
 HTTP  20.05.2026 01:44:26 ::1 Returned 304 in 0 ms
 HTTP  20.05.2026 01:44:26 ::1 GET /images/demo.mp4
 HTTP  20.05.2026 01:44:26 ::1 Returned 206 in 1 ms
 HTTP  20.05.2026 01:44:26 ::1 GET /images/demo.mp4
 HTTP  20.05.2026 01:44:26 ::1 Returned 206 in 0 ms
 HTTP  20.05.2026 01:44:26 ::1 GET /images/demo.mp4
 HTTP  20.05.2026 01:44:26 ::1 Returned 206 in 1 ms
 HTTP  20.05.2026 01:44:26 ::1 GET /favicon.svg
 HTTP  20.05.2026 01:44:26 ::1 Returned 304 in 1 ms
 HTTP  20.05.2026 01:44:33 ::1 GET /favicon.svg
 HTTP  20.05.2026 01:44:33 ::1 Returned 304 in 1 ms
 HTTP  20.05.2026 01:44:33 ::1 GET /images/demo.mp4
 HTTP  20.05.2026 01:44:33 ::1 Returned 206 in 1 ms
 HTTP  20.05.2026 01:44:48 ::1 GET /resources
 HTTP  20.05.2026 01:44:48 ::1 Returned 304 in 1 ms
 HTTP  20.05.2026 01:44:48 ::1 GET /css/style.css
 HTTP  20.05.2026 01:44:48 ::1 Returned 304 in 1 ms
 HTTP  20.05.2026 01:44:48 ::1 GET /js/main.js
 HTTP  20.05.2026 01:44:48 ::1 Returned 200 in 1 ms
 HTTP  20.05.2026 01:48:06 ::1 GET /
 HTTP  20.05.2026 01:48:06 ::1 Returned 304 in 1 ms
 HTTP  20.05.2026 01:48:06 ::1 GET /css/style.css
 HTTP  20.05.2026 01:48:06 ::1 Returned 304 in 0 ms
 HTTP  20.05.2026 01:48:06 ::1 GET /images/loco-ep20.jpg
 HTTP  20.05.2026 01:48:06 ::1 GET /images/scrin-6.png
 HTTP  20.05.2026 01:48:06 ::1 Returned 304 in 0 ms
 HTTP  20.05.2026 01:48:06 ::1 Returned 304 in 1 ms
 HTTP  20.05.2026 01:48:06 ::1 GET /images/scrin-9.png
 HTTP  20.05.2026 01:48:06 ::1 GET /images/scrin-8.png
 HTTP  20.05.2026 01:48:06 ::1 Returned 304 in 0 ms
 HTTP  20.05.2026 01:48:06 ::1 Returned 304 in 0 ms
 HTTP  20.05.2026 01:48:06 ::1 GET /images/scrin-10.png
 HTTP  20.05.2026 01:48:06 ::1 GET /js/main.js
 HTTP  20.05.2026 01:48:06 ::1 Returned 304 in 0 ms
 HTTP  20.05.2026 01:48:06 ::1 GET /images/reductor.png
 HTTP  20.05.2026 01:48:06 ::1 GET /images/scrin-7.png
 HTTP  20.05.2026 01:48:06 ::1 Returned 304 in 1 ms
 HTTP  20.05.2026 01:48:06 ::1 Returned 304 in 1 ms
 HTTP  20.05.2026 01:48:06 ::1 Returned 304 in 1 ms
 HTTP  20.05.2026 01:48:22 ::1 GET /resources
 HTTP  20.05.2026 01:48:22 ::1 Returned 304 in 1 ms
 HTTP  20.05.2026 01:48:22 ::1 GET /css/style.css
 HTTP  20.05.2026 01:48:22 ::1 GET /js/main.js
 HTTP  20.05.2026 01:48:22 ::1 Returned 304 in 1 ms
 HTTP  20.05.2026 01:48:22 ::1 Returned 304 in 0 ms
 HTTP  20.05.2026 01:50:39 ::1 GET /about
 HTTP  20.05.2026 01:50:39 ::1 Returned 200 in 1 ms
 HTTP  20.05.2026 01:50:39 ::1 GET /css/style.css
 HTTP  20.05.2026 01:50:39 ::1 GET /images/scrin-9.png
 HTTP  20.05.2026 01:50:39 ::1 Returned 304 in 1 ms
 HTTP  20.05.2026 01:50:39 ::1 Returned 200 in 2 ms
 HTTP  20.05.2026 01:50:39 ::1 GET /images/scrin-8.png
 HTTP  20.05.2026 01:50:39 ::1 Returned 304 in 1 ms
 HTTP  20.05.2026 01:50:39 ::1 GET /images/scrin-10.png
 HTTP  20.05.2026 01:50:39 ::1 Returned 304 in 0 ms
 HTTP  20.05.2026 01:50:39 ::1 GET /images/scrin-7.png
 HTTP  20.05.2026 01:50:39 ::1 GET /js/main.js
 HTTP  20.05.2026 01:50:39 ::1 GET /images/scrin-6.png
 HTTP  20.05.2026 01:50:39 ::1 Returned 304 in 1 ms
 HTTP  20.05.2026 01:50:39 ::1 Returned 304 in 0 ms
 HTTP  20.05.2026 01:50:39 ::1 Returned 304 in 0 ms
 HTTP  20.05.2026 01:50:39 ::1 GET /images/demo.mp4
 HTTP  20.05.2026 01:50:39 ::1 Returned 206 in 1 ms
 HTTP  20.05.2026 01:50:39 ::1 GET /images/demo.mp4
 HTTP  20.05.2026 01:50:39 ::1 Returned 206 in 1 ms
 HTTP  20.05.2026 01:55:00 ::1 GET /about
 HTTP  20.05.2026 01:55:00 ::1 Returned 200 in 1 ms
 HTTP  20.05.2026 01:55:00 ::1 GET /css/style.css
 HTTP  20.05.2026 01:55:00 ::1 Returned 304 in 0 ms
 HTTP  20.05.2026 01:55:00 ::1 GET /images/scrin-9.png
 HTTP  20.05.2026 01:55:00 ::1 GET /images/scrin-8.png
 HTTP  20.05.2026 01:55:00 ::1 Returned 304 in 0 ms
 HTTP  20.05.2026 01:55:00 ::1 Returned 304 in 0 ms
 HTTP  20.05.2026 01:55:00 ::1 GET /images/scrin-10.png
 HTTP  20.05.2026 01:55:00 ::1 Returned 304 in 0 ms
 HTTP  20.05.2026 01:55:00 ::1 GET /images/scrin-7.png
 HTTP  20.05.2026 01:55:00 ::1 Returned 304 in 1 ms
 HTTP  20.05.2026 01:55:00 ::1 GET /js/main.js
 HTTP  20.05.2026 01:55:00 ::1 Returned 304 in 1 ms
 HTTP  20.05.2026 01:55:00 ::1 GET /images/scrin-6.png
 HTTP  20.05.2026 01:55:00 ::1 Returned 304 in 0 ms
 HTTP  20.05.2026 01:55:00 ::1 GET /images/demo.mp4
 HTTP  20.05.2026 01:55:00 ::1 Returned 206 in 1 ms
 HTTP  20.05.2026 01:55:00 ::1 GET /images/demo.mp4
 HTTP  20.05.2026 01:55:00 ::1 Returned 206 in 1 ms
 HTTP  20.05.2026 01:55:00 ::1 GET /favicon.svg
 HTTP  20.05.2026 01:55:00 ::1 Returned 304 in 1 ms
 HTTP  20.05.2026 01:59:11 ::1 GET /about
 HTTP  20.05.2026 01:59:11 ::1 Returned 304 in 1 ms
 HTTP  20.05.2026 01:59:11 ::1 GET /css/style.css
 HTTP  20.05.2026 01:59:11 ::1 GET /images/scrin-9.png
 HTTP  20.05.2026 01:59:11 ::1 GET /images/scrin-8.png
 HTTP  20.05.2026 01:59:11 ::1 Returned 304 in 1 ms
 HTTP  20.05.2026 01:59:11 ::1 Returned 304 in 1 ms
 HTTP  20.05.2026 01:59:11 ::1 Returned 200 in 2 ms
 HTTP  20.05.2026 01:59:11 ::1 GET /images/scrin-10.png
 HTTP  20.05.2026 01:59:11 ::1 Returned 304 in 0 ms
 HTTP  20.05.2026 01:59:11 ::1 GET /images/scrin-7.png
 HTTP  20.05.2026 01:59:11 ::1 GET /js/main.js
 HTTP  20.05.2026 01:59:11 ::1 Returned 304 in 0 ms
 HTTP  20.05.2026 01:59:11 ::1 GET /images/scrin-6.png
 HTTP  20.05.2026 01:59:11 ::1 Returned 304 in 0 ms
 HTTP  20.05.2026 01:59:11 ::1 Returned 304 in 0 ms
 HTTP  20.05.2026 01:59:11 ::1 GET /images/demo.mp4
 HTTP  20.05.2026 01:59:11 ::1 Returned 206 in 0 ms
 HTTP  20.05.2026 01:59:11 ::1 GET /images/demo.mp4
 HTTP  20.05.2026 01:59:11 ::1 Returned 206 in 0 ms
 HTTP  20.05.2026 01:59:11 ::1 GET /images/demo.mp4
 HTTP  20.05.2026 01:59:11 ::1 Returned 206 in 0 ms
 HTTP  20.05.2026 01:59:11 ::1 GET /favicon.svg
 HTTP  20.05.2026 01:59:11 ::1 Returned 304 in 1 ms
 HTTP  20.05.2026 01:59:13 ::1 GET /
 HTTP  20.05.2026 01:59:13 ::1 Returned 200 in 1 ms
 HTTP  20.05.2026 01:59:13 ::1 GET /css/style.css
 HTTP  20.05.2026 01:59:13 ::1 Returned 304 in 1 ms
 HTTP  20.05.2026 01:59:13 ::1 GET /images/loco-ep20.jpg
 HTTP  20.05.2026 01:59:13 ::1 Returned 304 in 1 ms
 HTTP  20.05.2026 01:59:13 ::1 GET /images/scrin-6.png
 HTTP  20.05.2026 01:59:13 ::1 Returned 304 in 0 ms
 HTTP  20.05.2026 01:59:13 ::1 GET /images/scrin-9.png
 HTTP  20.05.2026 01:59:13 ::1 GET /images/scrin-8.png
 HTTP  20.05.2026 01:59:13 ::1 GET /images/scrin-10.png
 HTTP  20.05.2026 01:59:13 ::1 Returned 304 in 1 ms
 HTTP  20.05.2026 01:59:13 ::1 Returned 304 in 1 ms
 HTTP  20.05.2026 01:59:13 ::1 Returned 304 in 1 ms
 HTTP  20.05.2026 01:59:13 ::1 GET /js/main.js
 HTTP  20.05.2026 01:59:13 ::1 Returned 304 in 0 ms
 HTTP  20.05.2026 01:59:13 ::1 GET /images/scrin-7.png
 HTTP  20.05.2026 01:59:13 ::1 GET /images/reductor.png
 HTTP  20.05.2026 01:59:13 ::1 Returned 304 in 1 ms
 HTTP  20.05.2026 01:59:13 ::1 Returned 304 in 1 ms
 HTTP  20.05.2026 02:03:52 ::1 GET /
 HTTP  20.05.2026 02:03:52 ::1 Returned 304 in 0 ms
 HTTP  20.05.2026 02:03:52 ::1 GET /css/style.css
 HTTP  20.05.2026 02:03:52 ::1 Returned 304 in 0 ms
 HTTP  20.05.2026 02:03:52 ::1 GET /images/loco-ep20.jpg
 HTTP  20.05.2026 02:03:52 ::1 Returned 304 in 1 ms
 HTTP  20.05.2026 02:03:52 ::1 GET /images/scrin-6.png
 HTTP  20.05.2026 02:03:52 ::1 Returned 304 in 1 ms
 HTTP  20.05.2026 02:03:52 ::1 GET /images/scrin-9.png
 HTTP  20.05.2026 02:03:52 ::1 Returned 304 in 0 ms
 HTTP  20.05.2026 02:03:52 ::1 GET /images/scrin-8.png
 HTTP  20.05.2026 02:03:52 ::1 GET /images/scrin-10.png
 HTTP  20.05.2026 02:03:52 ::1 Returned 304 in 1 ms
 HTTP  20.05.2026 02:03:52 ::1 Returned 304 in 0 ms
 HTTP  20.05.2026 02:03:52 ::1 GET /js/main.js
 HTTP  20.05.2026 02:03:52 ::1 GET /images/scrin-7.png
 HTTP  20.05.2026 02:03:52 ::1 GET /images/reductor.png
 HTTP  20.05.2026 02:03:52 ::1 Returned 304 in 1 ms
 HTTP  20.05.2026 02:03:52 ::1 Returned 304 in 1 ms
 HTTP  20.05.2026 02:03:52 ::1 Returned 304 in 1 ms
 HTTP  20.05.2026 02:03:52 ::1 GET /favicon.svg
 HTTP  20.05.2026 02:03:52 ::1 Returned 304 in 1 ms
 HTTP  20.05.2026 02:04:22 ::1 GET /about
 HTTP  20.05.2026 02:04:22 ::1 Returned 304 in 1 ms
 HTTP  20.05.2026 02:04:22 ::1 GET /css/style.css
 HTTP  20.05.2026 02:04:22 ::1 Returned 200 in 1 ms
 HTTP  20.05.2026 02:04:22 ::1 GET /images/scrin-9.png
 HTTP  20.05.2026 02:04:22 ::1 Returned 304 in 0 ms
 HTTP  20.05.2026 02:04:22 ::1 GET /images/scrin-8.png
 HTTP  20.05.2026 02:04:22 ::1 Returned 304 in 0 ms
 HTTP  20.05.2026 02:04:22 ::1 GET /images/scrin-10.png
 HTTP  20.05.2026 02:04:22 ::1 Returned 304 in 1 ms
 HTTP  20.05.2026 02:04:22 ::1 GET /images/scrin-7.png
 HTTP  20.05.2026 02:04:22 ::1 GET /js/main.js
 HTTP  20.05.2026 02:04:22 ::1 Returned 304 in 0 ms
 HTTP  20.05.2026 02:04:22 ::1 GET /images/scrin-6.png
 HTTP  20.05.2026 02:04:22 ::1 Returned 304 in 1 ms
 HTTP  20.05.2026 02:04:22 ::1 Returned 304 in 0 ms
 HTTP  20.05.2026 02:04:22 ::1 GET /images/demo.mp4
 HTTP  20.05.2026 02:04:22 ::1 Returned 206 in 0 ms
 HTTP  20.05.2026 02:04:22 ::1 GET /images/demo.mp4
 HTTP  20.05.2026 02:04:22 ::1 Returned 206 in 1 ms
 HTTP  20.05.2026 02:04:43 ::1 GET /resources
 HTTP  20.05.2026 02:04:43 ::1 Returned 200 in 1 ms
 HTTP  20.05.2026 02:04:44 ::1 GET /css/style.css
 HTTP  20.05.2026 02:04:44 ::1 GET /js/main.js
 HTTP  20.05.2026 02:04:44 ::1 Returned 304 in 0 ms
 HTTP  20.05.2026 02:04:44 ::1 Returned 304 in 0 ms
 HTTP  20.05.2026 02:04:52 ::1 GET /
 HTTP  20.05.2026 02:04:52 ::1 Returned 304 in 1 ms
 HTTP  20.05.2026 02:04:52 ::1 GET /css/style.css
 HTTP  20.05.2026 02:04:52 ::1 GET /images/loco-ep20.jpg
 HTTP  20.05.2026 02:04:52 ::1 Returned 304 in 0 ms
 HTTP  20.05.2026 02:04:52 ::1 Returned 304 in 0 ms
 HTTP  20.05.2026 02:04:52 ::1 GET /images/scrin-6.png
 HTTP  20.05.2026 02:04:52 ::1 Returned 304 in 0 ms
 HTTP  20.05.2026 02:04:52 ::1 GET /images/scrin-9.png
 HTTP  20.05.2026 02:04:52 ::1 GET /images/scrin-8.png
 HTTP  20.05.2026 02:04:52 ::1 GET /images/scrin-10.png
 HTTP  20.05.2026 02:04:52 ::1 GET /js/main.js
 HTTP  20.05.2026 02:04:52 ::1 Returned 304 in 3 ms
 HTTP  20.05.2026 02:04:52 ::1 Returned 304 in 1 ms
 HTTP  20.05.2026 02:04:52 ::1 Returned 304 in 1 ms
 HTTP  20.05.2026 02:04:52 ::1 Returned 304 in 1 ms
 HTTP  20.05.2026 02:04:52 ::1 GET /images/scrin-7.png
 HTTP  20.05.2026 02:04:52 ::1 Returned 304 in 0 ms
 HTTP  20.05.2026 02:04:52 ::1 GET /images/reductor.png
 HTTP  20.05.2026 02:04:52 ::1 Returned 304 in 1 ms
 HTTP  20.05.2026 02:05:16 ::1 GET /about
 HTTP  20.05.2026 02:05:16 ::1 Returned 304 in 1 ms
 HTTP  20.05.2026 02:05:16 ::1 GET /css/style.css
 HTTP  20.05.2026 02:05:16 ::1 GET /images/scrin-9.png
 HTTP  20.05.2026 02:05:16 ::1 Returned 304 in 1 ms
 HTTP  20.05.2026 02:05:16 ::1 Returned 304 in 1 ms
 HTTP  20.05.2026 02:05:16 ::1 GET /images/scrin-8.png
 HTTP  20.05.2026 02:05:16 ::1 Returned 304 in 1 ms
 HTTP  20.05.2026 02:05:16 ::1 GET /images/scrin-10.png
 HTTP  20.05.2026 02:05:16 ::1 GET /images/scrin-7.png
 HTTP  20.05.2026 02:05:16 ::1 GET /js/main.js
 HTTP  20.05.2026 02:05:16 ::1 Returned 304 in 1 ms
 HTTP  20.05.2026 02:05:16 ::1 Returned 304 in 0 ms
 HTTP  20.05.2026 02:05:16 ::1 Returned 304 in 0 ms
 HTTP  20.05.2026 02:05:16 ::1 GET /images/scrin-6.png
 HTTP  20.05.2026 02:05:16 ::1 Returned 304 in 0 ms
 HTTP  20.05.2026 02:05:16 ::1 GET /images/demo.mp4
 HTTP  20.05.2026 02:05:16 ::1 Returned 206 in 1 ms
 HTTP  20.05.2026 02:05:16 ::1 GET /images/demo.mp4
 HTTP  20.05.2026 02:05:16 ::1 Returned 206 in 1 ms
 HTTP  20.05.2026 02:05:16 ::1 GET /images/demo.mp4
 HTTP  20.05.2026 02:05:16 ::1 Returned 206 in 0 ms
 HTTP  20.05.2026 02:05:19 ::1 GET /
 HTTP  20.05.2026 02:05:19 ::1 Returned 304 in 0 ms
 HTTP  20.05.2026 02:05:19 ::1 GET /css/style.css
 HTTP  20.05.2026 02:05:19 ::1 Returned 304 in 1 ms
 HTTP  20.05.2026 02:05:19 ::1 GET /images/loco-ep20.jpg
 HTTP  20.05.2026 02:05:19 ::1 Returned 304 in 1 ms
 HTTP  20.05.2026 02:05:19 ::1 GET /images/scrin-6.png
 HTTP  20.05.2026 02:05:19 ::1 Returned 304 in 1 ms
 HTTP  20.05.2026 02:05:19 ::1 GET /images/scrin-9.png
 HTTP  20.05.2026 02:05:19 ::1 GET /images/scrin-8.png
 HTTP  20.05.2026 02:05:19 ::1 Returned 304 in 1 ms
 HTTP  20.05.2026 02:05:19 ::1 Returned 304 in 1 ms
 HTTP  20.05.2026 02:05:19 ::1 GET /js/main.js
 HTTP  20.05.2026 02:05:19 ::1 GET /images/scrin-10.png
 HTTP  20.05.2026 02:05:19 ::1 GET /images/scrin-7.png
 HTTP  20.05.2026 02:05:19 ::1 GET /images/reductor.png
 HTTP  20.05.2026 02:05:19 ::1 Returned 304 in 0 ms
 HTTP  20.05.2026 02:05:19 ::1 Returned 304 in 0 ms
 HTTP  20.05.2026 02:05:19 ::1 Returned 304 in 1 ms
 HTTP  20.05.2026 02:05:19 ::1 Returned 304 in 1 ms
 HTTP  20.05.2026 02:06:03 ::1 GET /about
 HTTP  20.05.2026 02:06:03 ::1 Returned 304 in 1 ms
 HTTP  20.05.2026 02:06:03 ::1 GET /css/style.css
 HTTP  20.05.2026 02:06:03 ::1 GET /images/scrin-9.png
 HTTP  20.05.2026 02:06:03 ::1 Returned 304 in 1 ms
 HTTP  20.05.2026 02:06:03 ::1 Returned 304 in 1 ms
 HTTP  20.05.2026 02:06:03 ::1 GET /images/scrin-8.png
 HTTP  20.05.2026 02:06:03 ::1 Returned 304 in 0 ms
 HTTP  20.05.2026 02:06:03 ::1 GET /images/scrin-10.png
 HTTP  20.05.2026 02:06:03 ::1 GET /images/scrin-7.png
 HTTP  20.05.2026 02:06:03 ::1 GET /js/main.js
 HTTP  20.05.2026 02:06:03 ::1 Returned 304 in 1 ms
 HTTP  20.05.2026 02:06:03 ::1 Returned 304 in 0 ms
 HTTP  20.05.2026 02:06:03 ::1 GET /images/scrin-6.png
 HTTP  20.05.2026 02:06:03 ::1 Returned 304 in 8 ms
 HTTP  20.05.2026 02:06:03 ::1 Returned 304 in 7 ms
 HTTP  20.05.2026 02:06:03 ::1 GET /images/demo.mp4
 HTTP  20.05.2026 02:06:03 ::1 Returned 206 in 1 ms
 HTTP  20.05.2026 02:06:03 ::1 GET /images/demo.mp4
 HTTP  20.05.2026 02:06:03 ::1 Returned 206 in 1 ms
 HTTP  20.05.2026 02:06:03 ::1 GET /images/demo.mp4
 HTTP  20.05.2026 02:06:03 ::1 Returned 206 in 1 ms
 HTTP  20.05.2026 02:07:37 ::1 GET /journal
 HTTP  20.05.2026 02:07:37 ::1 Returned 200 in 1 ms
 HTTP  20.05.2026 02:07:37 ::1 GET /css/style.css
 HTTP  20.05.2026 02:07:37 ::1 GET /images/scrin-10.png
 HTTP  20.05.2026 02:07:37 ::1 Returned 304 in 1 ms
 HTTP  20.05.2026 02:07:37 ::1 Returned 304 in 1 ms
 HTTP  20.05.2026 02:07:37 ::1 GET /images/scrin-9.png
 HTTP  20.05.2026 02:07:37 ::1 Returned 304 in 0 ms
 HTTP  20.05.2026 02:07:37 ::1 GET /images/scrin-7.png
 HTTP  20.05.2026 02:07:37 ::1 Returned 304 in 0 ms
 HTTP  20.05.2026 02:07:37 ::1 GET /js/main.js
 HTTP  20.05.2026 02:07:37 ::1 Returned 304 in 1 ms
 HTTP  20.05.2026 02:07:41 ::1 GET /
 HTTP  20.05.2026 02:07:41 ::1 Returned 304 in 0 ms
 HTTP  20.05.2026 02:07:41 ::1 GET /css/style.css
 HTTP  20.05.2026 02:07:41 ::1 Returned 304 in 1 ms
 HTTP  20.05.2026 02:07:41 ::1 GET /images/loco-ep20.jpg
 HTTP  20.05.2026 02:07:41 ::1 Returned 304 in 0 ms
 HTTP  20.05.2026 02:07:41 ::1 GET /images/scrin-6.png
 HTTP  20.05.2026 02:07:41 ::1 Returned 304 in 1 ms
 HTTP  20.05.2026 02:07:41 ::1 GET /images/scrin-9.png
 HTTP  20.05.2026 02:07:41 ::1 GET /images/scrin-8.png
 HTTP  20.05.2026 02:07:41 ::1 Returned 304 in 1 ms
 HTTP  20.05.2026 02:07:41 ::1 Returned 304 in 1 ms
 HTTP  20.05.2026 02:07:41 ::1 GET /images/scrin-10.png
 HTTP  20.05.2026 02:07:41 ::1 Returned 304 in 0 ms
 HTTP  20.05.2026 02:07:41 ::1 GET /js/main.js
 HTTP  20.05.2026 02:07:41 ::1 GET /images/scrin-7.png
 HTTP  20.05.2026 02:07:41 ::1 Returned 304 in 1 ms
 HTTP  20.05.2026 02:07:41 ::1 GET /images/reductor.png
 HTTP  20.05.2026 02:07:41 ::1 Returned 304 in 0 ms
 HTTP  20.05.2026 02:07:41 ::1 Returned 304 in 0 ms
 HTTP  20.05.2026 02:08:56 ::1 GET /about
 HTTP  20.05.2026 02:08:56 ::1 Returned 304 in 0 ms
 HTTP  20.05.2026 02:08:56 ::1 GET /css/style.css
 HTTP  20.05.2026 02:08:56 ::1 Returned 304 in 1 ms
 HTTP  20.05.2026 02:08:56 ::1 GET /images/scrin-9.png
 HTTP  20.05.2026 02:08:56 ::1 GET /images/scrin-8.png
 HTTP  20.05.2026 02:08:56 ::1 Returned 304 in 0 ms
 HTTP  20.05.2026 02:08:56 ::1 Returned 304 in 0 ms
 HTTP  20.05.2026 02:08:56 ::1 GET /images/scrin-10.png
 HTTP  20.05.2026 02:08:56 ::1 GET /images/scrin-7.png
 HTTP  20.05.2026 02:08:56 ::1 Returned 304 in 0 ms
 HTTP  20.05.2026 02:08:56 ::1 Returned 304 in 1 ms
 HTTP  20.05.2026 02:08:56 ::1 GET /js/main.js
 HTTP  20.05.2026 02:08:56 ::1 GET /images/scrin-6.png
 HTTP  20.05.2026 02:08:56 ::1 Returned 304 in 1 ms
 HTTP  20.05.2026 02:08:56 ::1 Returned 304 in 1 ms
 HTTP  20.05.2026 02:08:56 ::1 GET /images/demo.mp4
 HTTP  20.05.2026 02:08:56 ::1 Returned 206 in 0 ms
 HTTP  20.05.2026 02:08:56 ::1 GET /images/demo.mp4
 HTTP  20.05.2026 02:08:56 ::1 Returned 206 in 1 ms
 HTTP  20.05.2026 02:09:05 ::1 GET /journal
 HTTP  20.05.2026 02:09:05 ::1 Returned 304 in 1 ms
 HTTP  20.05.2026 02:09:05 ::1 GET /css/style.css
 HTTP  20.05.2026 02:09:05 ::1 Returned 304 in 1 ms
 HTTP  20.05.2026 02:09:05 ::1 GET /images/scrin-10.png
 HTTP  20.05.2026 02:09:05 ::1 GET /images/scrin-9.png
 HTTP  20.05.2026 02:09:05 ::1 Returned 304 in 1 ms
 HTTP  20.05.2026 02:09:05 ::1 Returned 304 in 1 ms
 HTTP  20.05.2026 02:09:05 ::1 GET /images/scrin-7.png
 HTTP  20.05.2026 02:09:05 ::1 GET /js/main.js
 HTTP  20.05.2026 02:09:05 ::1 Returned 304 in 1 ms
 HTTP  20.05.2026 02:09:05 ::1 Returned 304 in 0 ms
 HTTP  20.05.2026 02:20:08 ::1 GET /about
 HTTP  20.05.2026 02:20:08 ::1 Returned 304 in 1 ms
 HTTP  20.05.2026 02:20:08 ::1 GET /css/style.css
 HTTP  20.05.2026 02:20:08 ::1 Returned 304 in 1 ms
 HTTP  20.05.2026 02:20:08 ::1 GET /images/scrin-9.png
 HTTP  20.05.2026 02:20:08 ::1 GET /images/scrin-8.png
 HTTP  20.05.2026 02:20:08 ::1 Returned 304 in 0 ms
 HTTP  20.05.2026 02:20:08 ::1 Returned 304 in 0 ms
 HTTP  20.05.2026 02:20:08 ::1 GET /images/scrin-10.png
 HTTP  20.05.2026 02:20:08 ::1 Returned 304 in 0 ms
 HTTP  20.05.2026 02:20:08 ::1 GET /images/scrin-7.png
 HTTP  20.05.2026 02:20:08 ::1 GET /js/main.js
 HTTP  20.05.2026 02:20:08 ::1 Returned 304 in 0 ms
 HTTP  20.05.2026 02:20:08 ::1 Returned 304 in 1 ms
 HTTP  20.05.2026 02:20:08 ::1 GET /images/scrin-6.png
 HTTP  20.05.2026 02:20:08 ::1 Returned 304 in 0 ms
 HTTP  20.05.2026 02:20:08 ::1 GET /images/demo.mp4
 HTTP  20.05.2026 02:20:08 ::1 Returned 206 in 1 ms
 HTTP  20.05.2026 02:20:08 ::1 GET /images/demo.mp4
 HTTP  20.05.2026 02:20:08 ::1 Returned 206 in 0 ms
 HTTP  20.05.2026 02:20:15 ::1 GET /
 HTTP  20.05.2026 02:20:15 ::1 Returned 304 in 1 ms
 HTTP  20.05.2026 02:20:15 ::1 GET /css/style.css
 HTTP  20.05.2026 02:20:15 ::1 Returned 304 in 0 ms
 HTTP  20.05.2026 02:20:15 ::1 GET /images/loco-ep20.jpg
 HTTP  20.05.2026 02:20:15 ::1 GET /images/scrin-6.png
 HTTP  20.05.2026 02:20:15 ::1 Returned 304 in 0 ms
 HTTP  20.05.2026 02:20:15 ::1 Returned 304 in 1 ms
 HTTP  20.05.2026 02:20:15 ::1 GET /images/scrin-9.png
 HTTP  20.05.2026 02:20:15 ::1 Returned 304 in 1 ms
 HTTP  20.05.2026 02:20:15 ::1 GET /images/scrin-8.png
 HTTP  20.05.2026 02:20:15 ::1 GET /images/scrin-10.png
 HTTP  20.05.2026 02:20:15 ::1 Returned 304 in 1 ms
 HTTP  20.05.2026 02:20:15 ::1 GET /js/main.js
 HTTP  20.05.2026 02:20:15 ::1 Returned 304 in 0 ms
 HTTP  20.05.2026 02:20:15 ::1 GET /images/scrin-7.png
 HTTP  20.05.2026 02:20:15 ::1 Returned 304 in 1 ms
 HTTP  20.05.2026 02:20:15 ::1 Returned 304 in 1 ms
 HTTP  20.05.2026 02:20:15 ::1 GET /images/reductor.png
 HTTP  20.05.2026 02:20:15 ::1 Returned 304 in 0 ms
 HTTP  20.05.2026 02:23:04 ::1 GET /journal
 HTTP  20.05.2026 02:23:04 ::1 Returned 304 in 0 ms
 HTTP  20.05.2026 02:23:04 ::1 GET /css/style.css
 HTTP  20.05.2026 02:23:04 ::1 GET /images/scrin-10.png
 HTTP  20.05.2026 02:23:04 ::1 Returned 304 in 0 ms
 HTTP  20.05.2026 02:23:04 ::1 GET /images/scrin-9.png
 HTTP  20.05.2026 02:23:04 ::1 Returned 304 in 1 ms
 HTTP  20.05.2026 02:23:04 ::1 Returned 304 in 0 ms
 HTTP  20.05.2026 02:23:04 ::1 GET /images/scrin-7.png
 HTTP  20.05.2026 02:23:04 ::1 Returned 304 in 0 ms
 HTTP  20.05.2026 02:23:04 ::1 GET /js/main.js
 HTTP  20.05.2026 02:23:04 ::1 Returned 304 in 1 ms
 HTTP  20.05.2026 02:28:18 ::1 GET /
 HTTP  20.05.2026 02:28:18 ::1 Returned 200 in 1 ms
 HTTP  20.05.2026 02:28:18 ::1 GET /css/style.css
 HTTP  20.05.2026 02:28:18 ::1 GET /images/loco-ep20.jpg
 HTTP  20.05.2026 02:28:18 ::1 Returned 304 in 1 ms
 HTTP  20.05.2026 02:28:18 ::1 GET /images/scrin-6.png
 HTTP  20.05.2026 02:28:18 ::1 Returned 200 in 2 ms
 HTTP  20.05.2026 02:28:18 ::1 Returned 304 in 1 ms
 HTTP  20.05.2026 02:28:18 ::1 GET /images/scrin-9.png
 HTTP  20.05.2026 02:28:18 ::1 GET /images/scrin-8.png
 HTTP  20.05.2026 02:28:18 ::1 GET /images/scrin-10.png
 HTTP  20.05.2026 02:28:18 ::1 Returned 304 in 2 ms
 HTTP  20.05.2026 02:28:18 ::1 Returned 304 in 1 ms
 HTTP  20.05.2026 02:28:18 ::1 Returned 304 in 1 ms
 HTTP  20.05.2026 02:28:18 ::1 GET /js/main.js
 HTTP  20.05.2026 02:28:18 ::1 GET /images/scrin-7.png
 HTTP  20.05.2026 02:28:18 ::1 GET /images/reductor.png
 HTTP  20.05.2026 02:28:18 ::1 Returned 304 in 2 ms
 HTTP  20.05.2026 02:28:18 ::1 Returned 304 in 2 ms
 HTTP  20.05.2026 02:28:18 ::1 Returned 200 in 3 ms
 HTTP  20.05.2026 02:28:52 ::1 GET /about
 HTTP  20.05.2026 02:28:52 ::1 Returned 200 in 1 ms
 HTTP  20.05.2026 02:28:52 ::1 GET /css/style.css
 HTTP  20.05.2026 02:28:52 ::1 Returned 304 in 0 ms
 HTTP  20.05.2026 02:28:52 ::1 GET /images/scrin-9.png
 HTTP  20.05.2026 02:28:52 ::1 Returned 304 in 0 ms
 HTTP  20.05.2026 02:28:52 ::1 GET /images/scrin-8.png
 HTTP  20.05.2026 02:28:52 ::1 Returned 304 in 1 ms
 HTTP  20.05.2026 02:28:52 ::1 GET /images/scrin-10.png
 HTTP  20.05.2026 02:28:52 ::1 Returned 304 in 1 ms
 HTTP  20.05.2026 02:28:52 ::1 GET /images/scrin-7.png
 HTTP  20.05.2026 02:28:52 ::1 Returned 304 in 0 ms
 HTTP  20.05.2026 02:28:52 ::1 GET /js/main.js
 HTTP  20.05.2026 02:28:52 ::1 GET /images/scrin-6.png
 HTTP  20.05.2026 02:28:52 ::1 Returned 304 in 1 ms
 HTTP  20.05.2026 02:28:52 ::1 Returned 304 in 0 ms
 HTTP  20.05.2026 02:28:52 ::1 GET /images/demo.mp4
 HTTP  20.05.2026 02:28:52 ::1 Returned 206 in 1 ms
 HTTP  20.05.2026 02:28:52 ::1 GET /images/demo.mp4
 HTTP  20.05.2026 02:28:52 ::1 Returned 206 in 0 ms
 HTTP  20.05.2026 02:28:52 ::1 GET /images/demo.mp4
 HTTP  20.05.2026 02:28:52 ::1 Returned 206 in 0 ms
 HTTP  20.05.2026 02:29:28 ::1 GET /resources
 HTTP  20.05.2026 02:29:28 ::1 Returned 304 in 1 ms
 HTTP  20.05.2026 02:29:28 ::1 GET /css/style.css
 HTTP  20.05.2026 02:29:28 ::1 GET /js/main.js
 HTTP  20.05.2026 02:29:28 ::1 Returned 304 in 0 ms
 HTTP  20.05.2026 02:29:28 ::1 Returned 304 in 1 ms
 HTTP  20.05.2026 02:29:57 ::1 GET /
 HTTP  20.05.2026 02:29:57 ::1 Returned 304 in 0 ms
 HTTP  20.05.2026 02:29:57 ::1 GET /css/style.css
 HTTP  20.05.2026 02:29:57 ::1 Returned 304 in 1 ms
 HTTP  20.05.2026 02:29:57 ::1 GET /images/loco-ep20.jpg
 HTTP  20.05.2026 02:29:57 ::1 Returned 304 in 0 ms
 HTTP  20.05.2026 02:29:57 ::1 GET /images/scrin-6.png
 HTTP  20.05.2026 02:29:57 ::1 Returned 304 in 0 ms
 HTTP  20.05.2026 02:29:57 ::1 GET /images/scrin-9.png
 HTTP  20.05.2026 02:29:57 ::1 GET /images/scrin-8.png
 HTTP  20.05.2026 02:29:57 ::1 Returned 304 in 1 ms
 HTTP  20.05.2026 02:29:57 ::1 Returned 304 in 1 ms
 HTTP  20.05.2026 02:29:57 ::1 GET /js/main.js
 HTTP  20.05.2026 02:29:57 ::1 GET /images/scrin-10.png
 HTTP  20.05.2026 02:29:57 ::1 GET /images/scrin-7.png
 HTTP  20.05.2026 02:29:57 ::1 Returned 304 in 1 ms
 HTTP  20.05.2026 02:29:57 ::1 Returned 304 in 0 ms
 HTTP  20.05.2026 02:29:57 ::1 GET /images/reductor.png
 HTTP  20.05.2026 02:29:57 ::1 Returned 304 in 0 ms
 HTTP  20.05.2026 02:29:57 ::1 Returned 304 in 0 ms
 HTTP  20.05.2026 02:30:56 ::1 GET /images/scrin-10.png
 HTTP  20.05.2026 02:30:56 ::1 Returned 304 in 1 ms
 HTTP  20.05.2026 02:31:02 ::1 GET /images/reductor.png
 HTTP  20.05.2026 02:31:02 ::1 Returned 304 in 0 ms
 HTTP  20.05.2026 02:31:03 ::1 GET /images/scrin-7.png
 HTTP  20.05.2026 02:31:03 ::1 Returned 304 in 11 ms
 HTTP  20.05.2026 02:32:08 ::1 GET /about
 HTTP  20.05.2026 02:32:08 ::1 Returned 304 in 1 ms
 HTTP  20.05.2026 02:32:08 ::1 GET /css/style.css
 HTTP  20.05.2026 02:32:08 ::1 Returned 304 in 0 ms
 HTTP  20.05.2026 02:32:08 ::1 GET /images/scrin-9.png
 HTTP  20.05.2026 02:32:08 ::1 Returned 304 in 1 ms
 HTTP  20.05.2026 02:32:08 ::1 GET /images/scrin-8.png
 HTTP  20.05.2026 02:32:08 ::1 Returned 304 in 0 ms
 HTTP  20.05.2026 02:32:08 ::1 GET /images/scrin-10.png
 HTTP  20.05.2026 02:32:08 ::1 Returned 304 in 0 ms
 HTTP  20.05.2026 02:32:08 ::1 GET /images/scrin-7.png
 HTTP  20.05.2026 02:32:08 ::1 GET /js/main.js
 HTTP  20.05.2026 02:32:08 ::1 Returned 304 in 0 ms
 HTTP  20.05.2026 02:32:08 ::1 Returned 304 in 0 ms
 HTTP  20.05.2026 02:32:08 ::1 GET /images/scrin-6.png
 HTTP  20.05.2026 02:32:08 ::1 Returned 304 in 0 ms
 HTTP  20.05.2026 02:32:08 ::1 GET /images/demo.mp4
 HTTP  20.05.2026 02:32:08 ::1 Returned 206 in 1 ms
 HTTP  20.05.2026 02:32:08 ::1 GET /images/demo.mp4
 HTTP  20.05.2026 02:32:08 ::1 Returned 206 in 1 ms
 HTTP  20.05.2026 02:36:13 ::1 GET /
 HTTP  20.05.2026 02:36:13 ::1 Returned 304 in 0 ms
 HTTP  20.05.2026 02:36:13 ::1 GET /css/style.css
 HTTP  20.05.2026 02:36:13 ::1 GET /images/loco-ep20.jpg
 HTTP  20.05.2026 02:36:13 ::1 Returned 304 in 1 ms
 HTTP  20.05.2026 02:36:13 ::1 GET /images/scrin-6.png
 HTTP  20.05.2026 02:36:13 ::1 Returned 304 in 1 ms
 HTTP  20.05.2026 02:36:13 ::1 Returned 304 in 1 ms
 HTTP  20.05.2026 02:36:13 ::1 GET /images/scrin-9.png
 HTTP  20.05.2026 02:36:13 ::1 Returned 304 in 0 ms
 HTTP  20.05.2026 02:36:13 ::1 GET /images/scrin-8.png
 HTTP  20.05.2026 02:36:13 ::1 GET /images/scrin-10.png
 HTTP  20.05.2026 02:36:13 ::1 GET /js/main.js
 HTTP  20.05.2026 02:36:13 ::1 Returned 304 in 1 ms
 HTTP  20.05.2026 02:36:13 ::1 GET /images/scrin-7.png
 HTTP  20.05.2026 02:36:13 ::1 Returned 304 in 1 ms
 HTTP  20.05.2026 02:36:13 ::1 Returned 304 in 1 ms
 HTTP  20.05.2026 02:36:13 ::1 GET /images/reductor.png
 HTTP  20.05.2026 02:36:13 ::1 Returned 304 in 1 ms
 HTTP  20.05.2026 02:36:13 ::1 Returned 304 in 1 ms
 HTTP  20.05.2026 02:38:01 ::1 GET /
 HTTP  20.05.2026 02:38:01 ::1 Returned 304 in 1 ms
 HTTP  20.05.2026 02:38:01 ::1 GET /css/style.css
 HTTP  20.05.2026 02:38:01 ::1 Returned 304 in 1 ms
 HTTP  20.05.2026 02:38:01 ::1 GET /images/loco-ep20.jpg
 HTTP  20.05.2026 02:38:01 ::1 Returned 304 in 0 ms
 HTTP  20.05.2026 02:38:01 ::1 GET /images/scrin-6.png
 HTTP  20.05.2026 02:38:01 ::1 Returned 304 in 1 ms
 HTTP  20.05.2026 02:38:01 ::1 GET /images/scrin-9.png
 HTTP  20.05.2026 02:38:01 ::1 Returned 304 in 0 ms
 HTTP  20.05.2026 02:38:01 ::1 GET /images/scrin-8.png
 HTTP  20.05.2026 02:38:01 ::1 Returned 304 in 0 ms
 HTTP  20.05.2026 02:38:01 ::1 GET /images/scrin-10.png
 HTTP  20.05.2026 02:38:01 ::1 Returned 304 in 1 ms
 HTTP  20.05.2026 02:38:01 ::1 GET /js/main.js
 HTTP  20.05.2026 02:38:01 ::1 GET /images/scrin-7.png
 HTTP  20.05.2026 02:38:01 ::1 Returned 304 in 0 ms
 HTTP  20.05.2026 02:38:01 ::1 GET /images/reductor.png
 HTTP  20.05.2026 02:38:01 ::1 Returned 304 in 0 ms
 HTTP  20.05.2026 02:38:01 ::1 Returned 304 in 1 ms
 HTTP  20.05.2026 02:38:01 ::1 GET /favicon.svg
 HTTP  20.05.2026 02:38:01 ::1 Returned 304 in 0 ms
^C